type,country,id
company,Nalakond,Spanish Shrimp  Carriers
organization,,12744
organization,,143129355
organization,,7775
organization,,1017141
organization,,2591586
organization,,185040354
company,Rio Isla,Faroe Islands Shrimp Shark
organization,,341411
organization,,21323516
,,√¢¬Ä¬úvictim√¢
,,√¢¬Ä¬úperpetrator√¢
organization,,8561
person,Country_271835,William Bradley
person,Country_271835,Joseph Griffin
,,√¢¬Ä≈†√¢
organization,,853949688
organization,,650512
organization,,8
organization,,128692
organization,,172711
person,Country_789455,Jacob Caldwell
organization,,14253815
location,,4369922c-ce1d-40ff-904c-1f6a3000bf6b
company,Country_271835,Saltwater Solitude GmbH & Co. KG
,,PRK
,,√¢¬Ä¬úViking√¢
organization,,506
organization,,4937447
,,√¢¬Ä¬úregular√¢
organization,,2079436
person,Osterivaria,Ann Daniels
person,Osterivaria,Stephanie Mccormick MD
person,Country_271835,Lisa Clay
organization,,589
person,Country_712875,Elizabeth Welch
location,,da0a7bbb-5bd1-42aa-bcc0-b8923d5c15d4
person,Country_271835,Eugene Ochoa
organization,,967900443
person,Country_271835,Lisa Jimenez
organization,,1
location,,445a6124-4650-4e5a-83bb-a0e0b4040ee9
person,Country_271835,Martha Robbins
person,Country_271835,Don Hopkins
person,Country_271835,Joseph Gray
organization,,4
organization,,4975
organization,,7282284
organization,,0
person,Country_271835,Sean Vasquez
organization,,196159
organization,,755
organization,,860067396
organization,,664738735
organization,,290834957
person,Country_271835,Timothy Reeves
organization,,457009514
organization,,6043477
organization,,526269
person,Oceanus,Jason Cameron
location,,77b46bc7-7e31-41a0-973c-e633011d21b0
organization,,7
organization,,35
political_organization,,6406040
person,Country_271835,Jamie Knox
person,Country_271835,Kristin Graham
organization,,99575926
political_organization,,72371354
organization,,55
political_organization,,766649
organization,,955425
organization,,132
organization,,8701038
organization,,9067
organization,,750975
organization,,3404599
political_organization,,85117949
organization,,3506021
political_organization,,348079
political_organization,,78
organization,,95
,,√¢¬Ä¬ú8√¢
,,√¢¬Ä¬úrefer
,,√¢¬Ä¬ú10√¢
person,Country_271835,Alyssa Huffman
organization,,245
organization,,300668979
,,√¢¬Ä¬òNotices√¢¬Ä¬ô√¢
organization,,651
political_organization,,7845
organization,,265700083
organization,,47679
location,,d0123474-8425-4ab0-90d5-175920158638
organization,,425887173
organization,,86597
location,,405ab2a5-68f0-4304-ab94-24c7995a248e
political_organization,,44842
location,,e2b334d9-4d51-40b2-a7b1-441b88400b75
political_organization,,68
organization,,610
organization,,4063
organization,,740523
vessel,,Marine
,,255√¢¬Ä¬ì273
location,,91dcf36d-dba8-41e8-a4cc-912981a27296
organization,,69150209
organization,,2
organization,,72
organization,,35881
location,,06430a2c-805a-4a76-bbda-2a24c0c860d7
person,Nalakond,Derek Burke
political_organization,,490653
political_organization,,888
organization,,775298545
organization,,26676370
company,Country_271835,Viento Azul Harbor LLC Investment
vessel,,Viking fishing
organization,,44956
political_organization,,3
organization,,5
location,,0715f2ea-3d11-4eaa-a0c4-fb3290896531
vessel,,77
person,Oceanus,Andrea Gibson
movement,,hours
organization,,7298083
organization,,21
organization,,6
person,Country_271835,Alexander Buchanan
person,Oceanus,Maria Mitchell
organization,,9
location,,14bda3bb-9993-4265-97cc-1747808c144e
person,Oceanus,Amanda Mckenzie
organization,,8698
person,Country_271835,Claire Russell
organization,,964
person,Country_271835,Scott Medina
organization,,2262
organization,,93873119
person,Country_271835,Jeremy Cordova
location,,602ea158-0519-47fc-badc-787721580418
person,Country_271835,Victoria Parks
,,St
location,,e40c01a4-8ed5-400f-857d-31e7bd263e35
organization,,49494
organization,,551
person,Country_271835,Bryan Taylor
organization,,380
location,,f20779bf-63b5-4ea4-bb5f-944bb9449bce
organization,,349
organization,,97453782
organization,,71835024
person,Country_271835,Anne Anderson
person,Country_271835,Brian Nelson
organization,,78590886
organization,,7209
organization,,79139
organization,,78135
organization,,5810
organization,,704138011
organization,,84616
organization,,66538530
organization,,12731
location,,ee05a28e-82ba-4f1d-a60f-68797a422ada
political_organization,,82344
organization,,58
person,Country_19028,Cynthia Williams
,,Armed Robbery√¢
organization,,76
organization,,6731
organization,,83
person,Vesperanda,Ms. Stephanie Rivera DDS
organization,,665
organization,,89772543
,,√¢¬Ä¬úunregulated√¢
location,,aea12579-8802-4b2d-b432-fc35fe4d10d5
location,,a7948099-0cab-4b80-8707-2ada931ac288
person,Country_271835,Michael Smith
person,Country_271835,Melanie Miller
organization,,12
organization,,27
person,Country_271835,Timothy Allen
person,Riodelsol,Nathaniel Jimenez
location,,3b728c8f-1eaa-4f16-8c63-d3bcffd437bb
company,Oceanus,Turkish Sword Buoy Incorporated Forwading
organization,,498817
organization,,2989
organization,,967
location,,df42b319-be6a-4a2e-b11d-c4da7ecfc01c
organization,,185106
organization,,947
person,Vesperand's Bay,Gregory Ortiz
person,Vesperand's Bay,Michael Compton
organization,,4348721
vessel,,USS Hershel
location,,b20c0baf-8530-4a84-a5b6-8da324ebebdb
organization,,26
organization,,21538
organization,,860600018
organization,,237659945
person,Country_271835,Victoria Anderson
vessel,,USCGC Spencer
vessel,,WMEC
organization,,435054320
vessel,,Cutter
location,,f21800ca-b3c9-404b-8438-3d75ea84c409
organization,,1560
,,Sept
person,Nalakond,John Gonzalez
organization,,68703341
political_organization,,57
political_organization,,6046437
location,,03b6c1a6-dcd8-462f-9a7e-bf9ea7e0a987
event,,Act
location,,9a651d73-d88f-4f9c-9497-7321ef575c6f
person,Country_271835,Natasha Phillips
location,,36351742-aff4-4df7-a495-1f1f2c94127a
person,Country_951683,Dakota Hansen
organization,,301
person,Country_271835,James Best
organization,,9203
organization,,3878194
person,Country_271835,Amy Kent
,,Convention√¢
event,,months years
vessel,,water fishing
,,months√¢
vessel,,18
movement,,months
person,Country_271835,Emily Johnson
organization,,94
location,,e85c691a-2adc-4094-8d29-5ea328486951
organization,,760079
organization,,3009706
location,,41870892-4565-42cd-9374-8665d01e9aa9
person,Country_271835,Susan Erickson
organization,,80191
location,,0f5fd4f9-1683-464e-9459-a4488de5064b
event,,cookies
person,Syrithania,Ashley Davis
organization,,924
organization,,865275
organization,,449308
organization,,28
organization,,23777
organization,,518
organization,,426469
location,,6064a564-2a82-44b7-8614-3a33f25e41ba
location,,3cda9d0b-77af-4e85-bef8-e935ca55ea06
organization,,494197
organization,,200640636
organization,,23
organization,,144431
person,Country_271835,Debbie Daniel
company,Country_628643,png xi  Line
organization,,26261586
organization,,15910405
organization,,7361
organization,,85052185
organization,,48605
location,,c73572b6-7b24-49e7-8f52-11cf8ec3c7d2
organization,,8412071
organization,,439861274
person,Country_271835,Brian Williams
organization,,908724
person,Country_271835,Jennifer Price
political_organization,,653505420
person,Country_271835,Kimberly Palmer
organization,,5848
organization,,15785056
organization,,733
organization,,277983365
company,Rio Isla,Playa del Cielo Kga
organization,,26431
location,,6d249c4d-1f62-4ab2-b107-8fd978f115c7
organization,,3785
organization,,164575
person,Country_271835,Spencer King
person,Country_271835,Dawn Oconnell
event,,√¢¬Ä≈†
organization,,1396
organization,,235866056
location,,d5b94ebc-e03a-438e-872b-a15db349a748
organization,,486
event,,arts
,,98
person,Country_271835,Timothy Cuevas
person,Country_271835,Joshua Glover
person,Country_271835,Tara Villegas
person,Country_271835,Ashley Wiggins
political_organization,,49048884
organization,,9612243
person,Country_271835,Andrea Hansen
,,189
,,07
organization,,737205
event,,April
organization,,5705060
organization,,959
company,Country_271835,Belgian Scallop Ltd. Liability Co
,,√¢¬Ä¬únecessary√¢
organization,,883320938
person,Country_271835,Ryan Williams
person,Country_271835,Colleen Everett
person,Country_271835,Brenda Gonzalez
organization,,2198
person,Country_271835,Clayton Rodgers
person,Country_271835,Randy Collins
location,,41398ea8-d14a-4666-80e8-6a212684d871
person,Country_271835,Brandon Berger
organization,,40690
location,,e836e8c3-a45e-4225-870d-d3e8dbc62c26
person,Oceanus,Jennifer Alvarez
person,Oceanus,Bryce Baker
organization,,743225
company,Country_271835,Norwegian Shrimp Ltd. Liability Co
company,Nalakond,Rajasthan Limited Liability Company
organization,,4783
person,Country_271835,Timothy Estrada
event,,ten
location,,e2816018-e01c-4eac-8dc5-e84aebc22cff
person,Country_271835,Vanessa Avila
organization,,529
organization,,47924922
organization,,49
political_organization,,12845006
organization,,9488645
person,Merigrad,Lauren Moore
,,√¢¬Ä¬úlocal√¢
,,Leominster Provincetown√¢
location,,371bf15a-3000-499a-88e4-cc096b028ec7
political_organization,,913428
location,,d7f220de-bba2-4965-9c15-3dd38ef5c3c7
,,fisheries√¢
person,Country_271835,Mark Weiss
organization,,53073557
person,Country_271835,Jason Davis
organization,,34
person,Country_271835,Erin Bowen
person,Country_19028,Albert Thomas
organization,,31408
organization,,28064
person,Country_271835,Kyle Stanton
location,,ae16dd9b-0271-4699-91bc-0ce6b69357c6
person,Country_271835,Mrs. Crystal Reyes
location,,e31b2b9c-3197-4c2c-ac40-3c6711a4682b
location,,5a52675e-1243-4244-ad55-85a06c4408de
person,Oceanus,Stephanie Hinton
location,,8153f5cb-e1f7-49bb-91bb-24b3a296a40a
organization,,70873
company,Country_338740,Estrella de Mar Ltd. Liability Co
vessel,,Ship2Report
organization,,90562
location,,b28d568f-09b4-41bd-b04d-4cf255f1adc6
organization,,410
organization,,47562016
organization,,87940
organization,,5639000
organization,,5372
organization,,951093
organization,,86590543
person,Country_271835,Jonathan Smith
location,,217fe70e-cc2d-4899-9127-e0a7da182699
company,Country_271835,Playa de la Luna Ltd. Corporation
organization,,304
organization,,672
location,,02cd44a1-7945-40d9-b38f-56f70976582c
organization,,7950
organization,,44
organization,,41
organization,,2125
location,,1076f239-831c-4c53-9134-484c8f2d5c73
person,Country_271835,Amy Wilson
location,,9e2e5adf-b6aa-4e7f-9af1-a899ceccfba6
organization,,59
organization,,46510923
vessel,,pilot
organization,,9699687
company,Vesperlandia,Mar del Oeste Pic
organization,,31
organization,,4526320
organization,,98748
organization,,50
organization,,5495
political_organization,,454
organization,,83818120
person,Country_271835,Mr. Gregory Brown
organization,,8327
organization,,222848436
vessel,,Amphibious Warships
person,Country_271835,Brian Weber
movement,,weeks
organization,,40213337
vessel,,cutters
vessel,,Coast
organization,,7505050
event,,Today
event,,June year
organization,,8787
political_organization,,218
political_organization,,88149
organization,,175
person,Country_271835,Michael Nicholson
person,Country_271835,Andrea Peters
organization,,7691
organization,,98332
organization,,78565892
location,,df365f60-c399-42f5-ad38-736145edef5e
organization,,4146760
organization,,812740593
person,Country_271835,Joshua Baker
organization,,4764109
organization,,761
location,,a7d22b55-872d-4fc0-b1ea-935f63ce0d2a
vessel,,water
,,√¢¬Ä¬òdevil vessels√¢
person,Country_245265,Erik Johnson
person,Country_271835,Alexandria Wilson
organization,,9786
person,Country_271835,Stephanie Garner
,,≈ì√Ü¬ü√Ø
,,≈ìe1P√Ø
,,≈ìe1P√Ø¬ø≈ìP√Ø
,,≈ìP√Ø
,,≈ì√≠¬ì¬É√Ø
,,≈ìXu√Ø
,,≈ì√û¬£√Ø
,,≈ì8p
,,≈ìk
,,≈ìPj√Ø
,,≈ì√û¬ñ√Ø
,,≈ìB
,,≈ìl√û¬ùu√Ø
,,iJPk√Ø
,,≈ì5√Ø
,,≈ì√Ø
,,≈ìDd√Ø
,,√Ü¬É√Ø
,,≈ìg√Ø
,,p√Ø¬ø≈ì√Ø
,,≈ì√Ø¬ø≈ì√Ø
,,K√Ø
,,≈ìi√Ø
,,q√Ø¬ø≈ì√Æ
,,≈ìGu√Ø
,,≈ìPm6
,,≈ìz
,,≈ìN√Ø
,,≈ì√é¬í√Ø
,,≈ìbjNnn√Ø
,,≈ìL√Ø
,,≈ì√ü
,,≈ì5√Ø
,,√â¬Åd
,,L√Ø
,,≈ìjO√ë
,,≈ìY
,,≈ìnO√Ø
,,N√Ø
,,≈ìz√Ø
,,≈ìX
,,≈ì√í≈íip√Ø
,,≈ìMSss√Ø
,,≈ìx
,,≈ìV√Ø
,,≈ìUk√Ø
,,≈ìm√Ø¬ø≈ìd√Ø
,,≈ìm√ß¬Ñ¬¢k√Ø
,,≈ìm√ß¬Ñ¬¢k√Ø¬ø≈ìF1√Ø
,,≈ìF1√Ø
,,≈ìF1√Ø¬ø≈ìF
person,Country_271835,Miguel Fisher
event,,Last
person,Country_271835,Jeremy Norris
person,Marebak,Dana Goodwin
organization,,897
location,,5961c4ed-5c5b-40e4-b0ab-1e0217cb12c0
location,,d3243667-8978-454b-917e-530ab514fcb0
organization,,2243528
location,,693c9865-5633-40a1-bcb6-3f0dd68a41c4
organization,,544344
organization,,2056
organization,,95219
organization,,579919
vessel,,Ocean Tuna
organization,,262157542
organization,,46194
organization,,826273
organization,,951
organization,,911
organization,,9204971
organization,,2230601
event,,10
vessel,,Explorer
person,Country_271835,Diana Brandt
person,Country_271835,Brandi Bowen
person,Country_271835,Taylor Chan
location,,1a069318-6dc0-45d0-9948-7b846f61c201
location,,79513661-4dbe-4797-a73a-e53177f7a4b3
person,Country_271835,Michele Henry
organization,,36295
location,,a7a35f33-3e72-44f2-a51b-922e44da23bc
,,√¢¬Ä¬òartisanal√¢
,,√¢¬Ä¬òsubsistence√¢
person,Country_271835,Jeremiah Delacruz
event,,√¢¬Ä¬òsquids
event,,√¢¬Ä¬òclams
event,,Octopus
organization,,60253
organization,,109746
organization,,13015105
person,Country_552976,Ms. Jenna Gonzalez MD
location,,37e46ce7-3cfa-4805-a254-5549adf19805
person,Country_552976,Scott Mays
location,,b4caf8cd-dbc7-4c99-9f2b-de407274c08b
location,,38b72863-eaf3-4270-a213-d9ddaee2c6cb
location,,410af01b-a5fb-4d6c-946d-a48fea30332b
event,,√¢¬Ä¬òSocioeconomic
organization,,553309
,,EBSCOhost√¢¬Ä¬îsearched √¢¬Ä¬òoctopus
,,AND fishery√¢
organization,,515270
location,,09e2222b-c13c-4a94-b1d9-b79238be0788
,,artisanal√¢
political_organization,,704
person,Country_271835,Elizabeth Savage
,,√¢¬Ä¬òoctopus√¢
,,√¢¬Ä¬òcephalopod√¢
,,cyanea√¢
,,maya√¢
person,Country_271835,Taylor Park
,,√¢¬Ä¬òpolvo√¢
,,√¢¬Ä¬òlivelihood√¢
person,Country_271835,Angela Wheeler
person,Country_271835,Lisa Branch
,,folk√¢
,,√¢¬Ä¬òwomen√¢
,,√¢¬Ä¬òfisher√¢
,,management√¢
,,√¢¬Ä¬òo
person,Country_271835,Adam Blankenship
,,√¢¬Ä¬òpoulpe√¢
person,Country_271835,Mr. Thomas Johnson DDS
,,scale√¢
company,Country_271835,Costa del Mar Oyj Hijiki
person,Quandoria,Miss Jessica Baker DVM
,,Alonso-Fern√É
location,,4b6a1701-93c3-403c-bd2f-9684106e8bba
location,,c1aeee2d-0030-4d85-b45c-ac3fd9887b98
company,Osterivaria,Bu yu wang Plc Carriers
person,Country_271835,Jeffrey Yates
location,,42aea61e-a98f-4528-9f30-51624ecf3957
organization,,1334578
organization,,7670
organization,,43
movement,,conjunction
event,,OE23
organization,,3601920
organization,,435978092
person,Uzimoria,Andres Cook
location,,22a2062d-03d8-48c3-9e91-9e5930b8d29f
person,Country_271835,Tyler Guzman
location,,ab195b55-453e-4436-ab0c-9f5660b4ec8c
person,Country_874023,Joseph Gonzales
person,Oceanus,Cindy Ritter
organization,,5441
organization,,199442
political_organization,,903
person,Country_874023,Erica Mitchell
organization,,829
organization,,995899
organization,,47249
organization,,23399545
political_organization,,621
,,europeansting
company,Country_271835,Jammu & Kashmir Ltd Family
political_organization,,7023
organization,,13863
person,Country_271835,James Smith MD
person,Country_271835,Brian Palmer
organization,,35683821
person,Country_895471,Morgan Bell
organization,,1465792
organization,,366
organization,,19386200
organization,,85946
organization,,172114
organization,,657
organization,,87339689
organization,,522017227
political_organization,,29
political_organization,,327481624
location,,cf651b3c-4e21-458c-91c4-3cae2eb36bcb
location,,17c99d9d-7049-4ebb-8a2a-f3d39cc42870
organization,,760402
person,Country_271835,Sarah Clark
vessel,,Water
organization,,737137552
location,,77bfcfcd-af2c-4b58-8a99-871a6c6109f2
location,,25875c2e-ff9a-4669-bad7-2c84bafb7515
person,Country_271835,Matthew Martin
person,Country_271835,Tyler Brown
organization,,11960055
location,,ce0d446c-d08d-49a8-8aa2-e625ead63d0c
organization,,25423
company,Country_271835,Delhi ers AS Holdings
company,Country_271835,Cape of Good Hope  Oyj
location,,abcb0d9c-80da-4491-99f3-e093984f5373
person,Oceanus,Erin Simmons
,,LOM√É
location,,6ae0d6bb-b101-4905-8b41-86b10a580c82
person,Oceanus,Kristina Frazier
person,Oceanus,Bryan Johnston
organization,,874124852
location,,05ef2661-6f3a-4f37-83e7-2ec8352afaef
location,,2ef60e7b-4914-4dbd-a063-5b23143fe5db
political_organization,,2633692
location,,fc4e853f-6e18-4631-bf95-f70d6a30579f
location,,6c7a8222-efc7-41a6-809a-043b091ae04a
person,Country_271835,Dale Warner
organization,,451
location,,705283b0-cdb7-4f0a-8481-b3fea243a8e5
location,,30295c76-f2c6-4284-89fd-8f8fd082889b
,,States√¢
vessel,,Gulf
vessel,,Boat
person,Country_271835,Teresa Rivera
organization,,767368152
location,,6d887b98-7c48-4a82-98bb-2f50fe4b29d5
vessel,,salmon
person,Country_271835,George Ramirez
location,,4e872202-1d65-4183-80c9-e8c12c8f736e
organization,,4382
organization,,7320771
organization,,94760735
political_organization,,969
location,,86dc0f8c-7305-4c1e-b655-cf16eefd6fce
location,,8164acdd-514f-4e18-867c-4bc63cebf15b
company,Country_271835,Playa del Mar Caviar
location,,a7f76d84-4ccf-424a-9bf9-fc20b862b7a8
organization,,142
organization,,3183
company,Country_766259,Estrella de la Costa Inc Transit
organization,,802113
organization,,372016989
person,Country_271835,Alan Pacheco
location,,50335cc3-71d6-4803-baca-5faaecfc33cb
person,Country_271835,Virginia Carter
person,Country_271835,April James
,,Aleut Community St
,,Kanuux√å
location,,e8036bce-0679-41d2-aa7b-d444163ae65a
,,√¢¬Ä¬úSeward√¢¬Ä¬ôs Folly√¢
person,Country_271835,Wendy Duarte
location,,aa1f466d-d060-40fa-ab0e-3f8bb2ca940f
person,Country_271835,Alexis Murphy
,,Ala√Ñ¬ùum Kanuux√å
person,Country_34878,Angela Powers
person,Country_271835,Eric Gentry
person,Country_271835,Donna Shepherd
company,Country_271835,Zambezi Rapids NV Brothers
organization,,25652724
organization,,430
location,,f402c1d2-8262-4bae-aa92-c8675a7006fc
organization,,49729
organization,,9209373
location,,dff423b9-cf9a-4b0a-849f-ecb513924287
organization,,993137821
organization,,2421
organization,,7413
political_organization,,43185
organization,,937182447
,,√¢¬Ä¬úAla√Ñ¬ùum Kanuux√å
organization,,861
person,Country_271835,Gary Scott
organization,,883290144
organization,,859375359
location,,47967ccc-0e26-458d-b1e5-80e8668db714
organization,,7056336
organization,,36322
organization,,52
location,,c9b9c344-98ec-40b8-af05-8528e5d82534
organization,,42603647
organization,,8544797
organization,,5070599
organization,,8966
organization,,39
vessel,,Plastic
organization,,927244
location,,e53552bc-174b-4799-b96b-c23cfa0731cb
organization,,9166
vessel,,19
organization,,48
person,Oceanus,Thomas Curry
location,,87ea830d-be41-4317-8b1b-142f23da70d7
organization,,662118
organization,,45
location,,c14a3dc1-59d0-4b92-b9f3-331e51912787
,,17 Sept
person,Oceanus,Christopher Peterson
organization,,505943
person,Country_271835,Isaiah Hammond
person,Country_271835,Erica Bailey
organization,,90183
organization,,79538
person,Country_271835,Kevin Norton
person,Country_271835,Gregory Moore
organization,,43685541
organization,,7871
organization,,7247721
organization,,22
location,,cefaf8b3-3aa2-4c59-b4aa-7974c8e1fe32
,,√¢¬Ä¬ògreen√¢
movement,,normal
location,,ede1806c-b3d1-47f5-ba49-d948d6ec385a
organization,,36
location,,52e9a600-9d6f-4683-95be-c7c60c57ffe1
person,Polarisdom,Christina Olsen
,,Di√É
,,logo
person,Country_271835,Amy Wise
organization,,8609
political_organization,,40952
organization,,27641046
location,,e167b40a-96f4-40e0-873b-78950e4434f4
organization,,324989705
organization,,5415
organization,,9473
location,,52093e45-b873-4300-9612-8dfc291b1339
location,,46aadaa6-fb30-4474-a060-3adb689f4189
location,,8c53a730-3aa1-463f-aef6-999a3cfbfb70
organization,,528
person,Country_895471,Abigail Foster
company,Marebak,Rybachit Limited Liability Company
person,Country_271835,Hunter Wheeler
person,Country_271835,Christopher Miller
location,,ae88562c-5c39-4c15-b128-b4f67f5e5812
,,ipoa-iuu
,,Think Tank Index Report√¢
,,upenn
,,edu
location,,2ceda972-c633-4a88-bbe8-a4fe48cb5555
,,Torremolinos
,,International-Convention
,,imo
organization,,890
,,√¢¬Ä¬úU
company,Country_271835,Senegal Coast Oyj Motorboat
organization,,762833
vessel,,Spy
person,Country_271835,Howard Pierce
political_organization,,228
political_organization,,63
organization,,84
political_organization,,22150
person,Country_271835,Jill Boyd
person,Country_459036,Kristin Davidson
person,Country_271835,Robert Carpenter
person,Country_459036,Mario Richardson
event,,√¢¬Ä¬úregions
organization,,7529
organization,,90254947
organization,,591787
person,Country_415128,Joseph Johnson
person,Country_895471,Peter Oliver
,,√¢¬Ä¬úsink√¢
organization,,555217629
person,Country_437825,Jeremy Jackson
person,Country_198078,Kelly Brown
person,Country_271835,Susan Porter
person,Country_271835,Meghan Wolfe
person,Country_931736,Zachary Petersen
person,Marebak,Stephen Evans
person,Country_271835,Charles Tran
location,,23550059-88d4-4a69-b74e-3c7de8bf56de
person,Country_984533,Patricia Byrd
person,Riodelsol,Ronald Mahoney
company,Country_271835,Playa de Coral GmbH Consultants
person,Country_271835,Kirk Jackson
,,√¢¬Ä¬údegraded√¢
person,Country_271835,Jeffrey Curry
person,Country_271835,Steven Huynh
person,Oceanterra,Evelyn Huang
event,,√¢¬Ä¬ãpoint
person,Country_271835,Bonnie Perez
person,Country_483478,Courtney Evans
,,Mexico√¢¬Ä¬ôs Yucat√É
person,Country_271835,Jerry Welch
location,,1196cfc8-175c-465b-aee9-fbf74c81aa49
organization,,87
event,,Ni√É¬±o
person,Country_271835,Judy Johns
person,Country_271835,Richard Greer
person,Country_271835,David Hayden
person,Country_271835,Matthew Delgado
location,,21e68e53-183c-45a0-9805-68c099d4d9c0
,,√¢¬Ä¬úpioneers√¢
event,,emba√É¬∫ba
,,√¢¬Ä¬úzombie
person,Country_981995,Kenneth Jones
event,,√¢¬Ä¬úSwiss
person,Country_271835,Elizabeth Dean
person,Country_271835,Daniel Mason
person,Country_271835,Miss Angel Thomas
person,Country_271835,Amanda Mitchell
person,Country_271835,Scott Brown
movement,,days
organization,,38111
person,Country_271835,Thomas Rivas
person,Country_271835,Holly Taylor
organization,,66030248
organization,,20571414
organization,,31894357
organization,,1225
organization,,363355
organization,,387674
person,Marebak,Alan Wells
political_organization,,981038
event,,√¢¬Ä¬úThese
person,Country_271835,Stephen Lowe
person,Country_271835,Nicholas Hernandez
person,Country_271835,Stephanie Robinson
location,,e678510b-947d-455a-8eb0-44d1009682ec
,,The Pew Charitable Trusts√¢
person,Country_271835,Jerry Montgomery
location,,ad8fe467-3759-4f53-bf6a-896a237d187f
vessel,,Leng 999 Gal
organization,,1402
location,,a0deebdf-db0c-4aa8-91b6-0536e017c20f
organization,,25125567
person,Country_271835,Parker Jones
event,,√¢¬Ä¬úCollecting
organization,,33681303
person,Country_461742,Michael Brock
organization,,2573803
organization,,56126935
,,√¢¬Ä¬úcollaborative√¢
person,Syrithania,Xavier Sanchez
person,Country_271835,Raymond King
person,Country_542476,Thomas Morales
organization,,138782226
person,Country_271835,Christopher Daniel
person,Country_887466,Linda Sherman
person,Country_271835,Mary Lucas
person,Country_271835,Morgan Black
person,Oceanus,Kristine Vaughn
organization,,1301719
person,Marebak,Melissa Gonzales
organization,,496391
organization,,7539428
location,,8afc9cb6-edf5-4a7d-9a02-054444a5604e
person,Country_271835,Crystal Smith
person,Oceanus,Richard Perkins
person,Oceanus,Amanda Gibson
person,Country_271835,Christine Jones
person,Country_271835,Carlos White
organization,,28379
person,Country_271835,Christine Robinson
organization,,958085
company,Marebak,Diao er Ltd. Corporation Transport
company,Marebak,Tshikwea Corp Marine sanctuary
location,,5ede75fe-f670-4a59-b693-da34e7f6eb47
person,Country_271835,Robert Adams
person,Country_271835,Brandon Jackson
person,Osterivaria,Sierra Smith
organization,,519994690
organization,,102642
organization,,7908385
organization,,691192
organization,,243964
company,Country_271835,Turkish Sword Ltd Export
person,Country_271835,Jasmine Camacho
person,Country_271835,Lindsey Palmer
event,,√¢¬Ä¬úespecially
person,Country_271835,Melissa Spence
location,,e13aca6a-88b5-4be7-a293-4a57854d7b1d
person,Country_789037,Jessica Brown
person,Country_271835,Daniel Snyder
organization,,441
person,Country_271835,Bethany Wright
person,Country_271835,Willie Hill
person,Country_271835,Jennifer Meyers
person,Country_271835,Allison Leonard
,,√¢¬Ä¬ô√¢
person,Country_271835,Amanda Andrews
person,Ivarisia,Bruce Brooks
organization,,111795162
organization,,482048
organization,,70
event,,√¢¬Ä¬úHe
location,,7cc6bfba-4893-444b-a641-a7d0b48fa427
organization,,56
organization,,621770
organization,,3016
organization,,98703
person,Country_271835,Misty Thomas
organization,,314
organization,,567
organization,,990
organization,,341853
organization,,13592
person,Country_449947,Dawn Sanchez
organization,,979893388
person,Country_271835,Tammy Ryan
person,Country_204272,Timothy Lopez
company,Country_271835,Marine Mermaids CJSC Marine biology
person,Country_204272,David Larsen
political_organization,,706129
organization,,14
organization,,4698
organization,,89734
person,Country_271835,Terry Murphy
organization,,491
organization,,3528
organization,,43247945
location,,e1d7b4ac-ed31-42a4-9375-4afb0f78f276
person,Country_271835,Mary Horton
vessel,,cutter James
person,Country_800653,Mr. Mark Kline
location,,1da2bc5a-e590-41c9-9982-2ade48dfc426
organization,,842229565
person,Country_271835,Dylan Roberts
vessel,,Hang
organization,,41695239
organization,,489
location,,67a59fab-710a-4992-b6d0-d581fd9dceba
location,,da75877e-ec57-42cc-82b9-de68c8d333e7
vessel,,boat
person,Syrithania,Michelle Hancock
person,Country_271835,Kathy Rodriguez
,,Gal√É
political_organization,,950296
vessel,,Oceans
person,Country_271835,David Weber
location,,7c54563c-577c-462f-8e30-389b510c776a
event,,Morning
person,Country_271835,Jennifer Simmons
organization,,4759
vessel,,626
location,,72899187-0989-47fa-9db0-cd1d4c3fc4e3
organization,,833355
political_organization,,27078926
organization,,2983
organization,,613281364
person,Country_271835,Dylan Moss
organization,,92
political_organization,,8597
organization,,801809
person,Country_271835,Angela Spencer
organization,,97
political_organization,,6889326
location,,ec1b111d-b9eb-4eef-ab00-ff7124cca480
organization,,32416483
location,,f2aee915-d483-4823-a030-9aac5e44c1fe
vessel,,ocean√¢¬Ä¬ôs
organization,,7328
company,Country_271835,OceanicOrigin Foods Co and Son's
organization,,71317
organization,,852015
organization,,65
organization,,58745
organization,,71755
organization,,1972868
organization,,61057213
organization,,653
location,,473c1320-e50b-4f90-a068-76f82e210f26
company,Country_271835,Ola de la Costa S.A. de C.V.
organization,,18
organization,,24641639
organization,,678
organization,,6393
person,Country_271835,Margaret Shields
organization,,346281879
organization,,341
organization,,1094345
vessel,,629
person,Country_271835,Brian Wolfe
organization,,119411
organization,,8950
location,,8041aa28-8c50-4083-a528-469c0c6251d9
vessel,,621
person,Country_271835,Frank Guzman
location,,34f0cbbf-83c3-4e09-ad7a-b94a778f7c12
person,Country_271835,Michael Porter
person,Country_271835,Madison Edwards
person,Marebak,Calvin Salas
,,√¢¬Ä¬úpresumed√¢
,,√¢¬Ä¬úconfirmed√¢
organization,,685607
organization,,265494227
location,,2a282617-d174-409c-b0b1-490fdc369335
company,Country_271835,xu y Ltd. Corporation
event,,periods years
organization,,89035
person,Wysterion,Tristan Johnson
person,Country_271835,Andrew Gamble
organization,,21724
event,,√¢¬Ä¬úhigh
,,√¢¬Ä¬úwidespread√¢
person,Country_907876,David Mcfarland
,,√¢¬Ä¬òprotected√¢
organization,,30700925
person,Country_271835,George Morton
person,Country_271835,Janice Bell
movement,,Saturday
location,,a39483f8-121a-4c18-9b20-9e0d2cba52e9
organization,,58623386
organization,,492238508
person,Country_709784,Anita Tate
organization,,4447143
person,Country_271835,Lisa Foster
organization,,34252
organization,,8494294
,,Catch√¢
organization,,17
organization,,150674265
person,Oceanus,Audrey Romero
person,Oceanus,Melinda Wade
location,,36b70b18-465a-442f-bfbe-cedb85d48acc
organization,,13
organization,,3887
vessel,,reefers
,,√¢¬Ä¬úencountered√¢
person,Country_271835,Veronica Payne
person,Country_271835,Ronnie Burns
person,Country_271835,Lisa Lambert
organization,,1360
person,Country_271835,Kimberly Lara
location,,2ad4f7ea-6f93-4a11-ace7-d7a4234bb991
location,,b24194ae-69ad-4e6c-be29-787c215cde65
person,Country_271835,Sara Jenkins
location,,19a4297e-2d2b-47c0-9dce-816148a16f4e
vessel,,Maru
person,Country_271835,Danielle Camacho
organization,,60693571
organization,,54073418
person,Country_271835,Mr. Justin Bailey MD
organization,,76568
location,,c682ec16-cd10-4a6c-94ce-4a5eb590b42e
person,Country_271835,Paula Allen
,,13 years√¢
movement,,three
person,Country_271835,Christy Fields
person,Country_271835,Michele Hernandez
person,Country_271835,Mary Castillo
person,Country_271835,Jennifer Brown
person,Country_271835,John Barnes DDS
organization,,830155
person,Country_271835,Anna Turner
person,Country_271835,Stephanie Quinn
organization,,9590898
person,Arreciviento,Joshua Garrett
organization,,95230042
organization,,21240092
organization,,7234
organization,,6335187
organization,,695031
organization,,2508
organization,,6391
person,Country_271835,Mary Jenkins
political_organization,,75835980
organization,,23774
person,Luminsia,Nicole Smith
organization,,9992346
organization,,227
vessel,,ocean
person,Country_271835,Jennifer Reilly
political_organization,,79
organization,,39893
location,,47bd4f34-d0af-41f0-88c5-eb9d4fde440c
organization,,3782
organization,,7441
,,Fisheries Animal Industries√¢
person,Country_271835,Donald Thompson
person,Country_271835,Cynthia Byrd
person,Country_271835,Christopher Hernandez
organization,,58666504
person,Country_271835,Jennifer Frederick
organization,,70347729
organization,,116070050
location,,b47086b0-e225-436a-83b1-2cf5cda4dbd5
organization,,613465161
vessel,,bottom
person,Country_271835,Michael Patton
person,Country_271835,Kristin Jones
organization,,884648
organization,,90
organization,,353149780
organization,,2913
organization,,693436
location,,88a1fe65-33d9-487a-a3ac-d4208f41b754
person,Country_271835,Jenna Barton
location,,67f3755e-7f86-40a1-ae17-998d50a3e772
organization,,631919
person,Country_271835,Stephen Gutierrez
person,Country_271835,Jessica Owens
person,Country_271835,John Hutchinson
person,Country_271835,Daniel Wood
event,,√¢¬Ç¬¨7
vessel,,reefer
vessel,,Fu Yuan Yu Leng 999
location,,88e9e7e8-3edf-4fd4-959d-8ec4f53e59d6
organization,,8732
organization,,44396
location,,f7a4114d-d1ca-44df-a7e0-c72e440671ba
organization,,6038
vessel,,Chinook
organization,,6274
location,,f9f6fc72-83db-4c44-a818-dde6c33985f9
organization,,6758207
,,abc12
political_organization,,40
organization,,615043
person,Country_271835,Robert Lewis
person,Country_271835,Margaret Nichols
organization,,64124835
organization,,767
person,Country_271835,Chris Grant
person,Country_271835,Angela Orr
organization,,67909
location,,e09b64a2-397a-4bec-96a1-7d61479fe37a
organization,,1012
person,Country_271835,Katelyn Gibson
person,Country_271835,Kayla Reynolds
organization,,724
organization,,824
person,Country_271835,William Williams
person,Country_271835,Vicki Owen
person,Country_271835,Alyssa Mccoy
location,,292bf7d9-d86c-411d-9a85-da0cb4535e22
location,,c82d3e99-b297-484e-a28a-76cba8d515cc
person,Country_271835,Scott Wright
organization,,854
political_organization,,2653581
person,Country_271835,John Conley
organization,,977
person,Country_271835,James Hernandez
location,,1f899410-3447-48e7-bcb3-cbff10619e86
organization,,39048624
vessel,,river
person,Country_271835,Rhonda Johnson
political_organization,,54
organization,,1853970
organization,,87648111
person,Country_271835,Barbara Mccarty
person,Country_271835,Christopher Simon
person,Country_271835,Lauren Jackson DDS
event,,√Ø¬¨¬Åshes
event,,√Ø¬¨¬Åsh
person,Country_990614,Darren Wilson
person,Country_271835,Andrew Miller
person,Country_990614,Erica Cisneros
political_organization,,440994840
person,Country_271835,Heather Hill
person,Country_271835,Krystal Lee
organization,,42258
organization,,506986590
organization,,7321
organization,,647724
organization,,272735814
person,Country_271835,Wesley Woods
company,Country_283574,Dry Creek Marine sanctuary
organization,,1214936
organization,,2751
person,Country_271835,Marvin White
person,Country_271835,Philip Black
person,Country_271835,Laurie Clark
organization,,7548555
vessel,,ARA Contraalmirante Cordero
person,Country_198078,Keith Webb
organization,,54217974
organization,,38
person,Country_271835,Elijah Gordon
organization,,71352
organization,,60806
location,,259e9338-b33e-4dc7-843a-96a720d22d9b
organization,,461553
organization,,538991
organization,,71
person,Oceanus,Rebecca Fox
event,,expect year
company,Country_271835,Charles OJSC Marine conservation
vessel,,shrimper
company,Ariuzima,Caracola Azul Limited Liability Company
person,Country_271835,Brandy Williams
location,,d6968538-6f18-4a1c-a4e2-59de3c0e25c2
vessel,,coastguard
company,Country_271835,Viento y Mar BV
person,Country_271835,Robert Vega
person,Country_271835,James Sampson
person,Country_271835,Debra Hebert
organization,,135024
organization,,38844
person,Country_271835,John Frederick
person,Country_271835,Allison Rodgers
organization,,759
location,,0ae94787-4593-4139-848d-9174ea13ac23
company,Country_271835,OceanFront Foods Co Beach
political_organization,,19186817
political_organization,,2748013
organization,,23636990
organization,,996
organization,,81661977
movement,,metric
organization,,24189
organization,,216
person,Oceanus,Frederick Hunter
organization,,9977227
organization,,64365043
location,,06c161ac-e601-493f-b8df-839382e16a74
organization,,458785
location,,e5e2e269-ccc5-4e16-88a8-e909c1fa32db
organization,,42
organization,,4258240
person,Country_271835,Julie Parks
organization,,891
location,,a96730cc-485e-46be-aba4-339442bacd8d
vessel,,USCGC
person,Country_271835,Kristi Weeks
vessel,,DDG
vessel,,USS
vessel,,USS Hurricane
vessel,,PC
person,Country_271835,Brandi White
person,Country_271835,Tara Hanson
person,Country_271835,Wesley Vasquez
organization,,16
person,Country_271835,Rebecca Adams
organization,,29481
person,Country_271835,Briana Johnson
organization,,6126134
organization,,595038316
organization,,673431
organization,,73704
organization,,6780
person,Country_271835,Mr. Joseph Johnson
organization,,7480
person,Country_271835,Marie Lee
organization,,4769248
organization,,3015
organization,,2679
location,,97836b65-db6a-43bf-9467-cf57d84645ff
person,Country_271835,Douglas Gillespie
,,√¢¬Ä¬údisaster√¢
person,Country_271835,Jonathan Garner
person,Country_271835,Amanda Contreras
vessel,,Long Xing 629
person,Country_271835,Bryan Hill
location,,58db776e-40f1-4e68-b13d-dcc42416ce58
person,Marebak,Anthony Le
person,Country_271835,Jo Francis
person,Country_271835,Stephanie Thompson
person,Country_271835,Michael Baker
organization,,868
organization,,99985383
organization,,298
person,Country_271835,Michael Wagner
person,Country_271835,Susan Hodges
person,Country_663412,Michael Chen
person,Country_271835,Jennifer Thompson
person,Country_271835,Sabrina Zamora
person,Country_271835,Hannah Chandler
vessel,,Deckhands
person,Country_271835,Bruce Bates
person,Country_271835,Kimberly Lopez
person,Country_271835,Teresa Jackson
,,√¢¬Ä¬úWe fins
location,,ecf18ac9-a773-43a0-98c8-cdd264565b2f
organization,,46
location,,65fea097-e838-4be6-9889-83f5361fe777
person,Country_907876,Ann Nelson
person,Country_948318,Robert Nguyen
location,,dec69ea4-1c0c-4b31-b6fe-7d0c7e4b8fd9
person,Country_271835,Dr. Michelle Dominguez
person,Country_271835,Charles Hart
vessel,,Tian
person,Oceanus,Patricia Bowen
person,Country_271835,Paul Holloway
person,Country_271835,Maria Russell
person,Country_271835,Justin Rodriguez
person,Country_271835,Carl Lopez
company,Country_271835,Mar del Norte Ferry
organization,,122245
organization,,4946
person,Country_271835,Gabriela Graham
person,Country_271835,Joseph Newman
person,Country_242593,Danielle Valdez
person,Country_271835,Susan Williamson
person,Country_271835,Lauren Reynolds
political_organization,,91
political_organization,,20
organization,,74211169
company,Islavaria,Romero Oyster NV Carriers
person,Country_271835,James Hall
organization,,3553
organization,,72875
vessel,,Coast Guard Cutter Edgar Culbertson
movement,,38
person,Country_443882,Heidi Kline
organization,,863749817
organization,,475
organization,,567217
vessel,,Oliver
person,Country_271835,Amanda Becker
organization,,160
person,Country_271835,Nicholas Dennis
organization,,938816
,,√∞¬ü¬í¬™√∞¬ü¬™
organization,,5469
organization,,4679
company,Country_271835,Cape Verde Islands Oyj
person,Country_271835,Andre Phillips
vessel,,USCG√¢¬Ä¬ôs
vessel,,CutterOliverHenry
person,Country_271835,Scott Solis
person,Country_271835,Jonathan Spence
organization,,11
person,Country_271835,Tanner Smith
person,Country_271835,Emily Bailey
organization,,30041
organization,,468511
organization,,86
person,Country_271835,Ann Flowers
organization,,60774
organization,,47
person,Country_271835,Michael Bullock
person,Country_271835,Michelle Singh
vessel,,SSN
person,Country_271835,Tyler Palmer
vessel,,HMAS
location,,dec44f58-94b0-4070-bfb3-1e13ef308ec3
person,Country_271835,Chad Nichols
organization,,2114
organization,,34020206
company,Country_271835,Fin Flair Pic Delivery
person,Country_271835,Scott Wallace
person,Uzifrica,Tony Patterson
,,Sampath
organization,,683962
person,Country_271835,Anna Johnson
location,,95c715ba-891e-4472-8e2a-4e746dcc266a
person,Marebak,Anna Smith
organization,,760219951
political_organization,,36744944
organization,,734121719
person,Country_271835,Kathleen Gates
location,,6b58646e-1d3a-4b72-b8a0-9f57c296d73d
organization,,9357541
person,Country_271835,William Atkinson
person,Country_271835,Lisa Payne
organization,,87278
person,Country_271835,Christine Chaney
organization,,8226730
location,,5b199218-6513-430b-8e56-8aa1d83456a3
person,Country_271835,Mr. Jose King
person,Country_271835,Thomas Adams
organization,,75
person,Country_271835,Kimberly Olson
organization,,911243414
organization,,9280
location,,cc6cf3e0-5794-4497-a31d-79b4db1b55a9
person,Brindivaria,Ryan Garrett
organization,,408119
person,Country_271835,Gary Butler
person,Country_271835,Gary Smith
person,Country_271835,Denise Diaz
location,,6ead18ca-3084-4f8e-9c1e-a5e470fc5935
organization,,48259
location,,b636c0f8-2ddf-42ad-9f9c-73bd48682561
,,United States√¢
organization,,55301
person,Country_271835,Elaine Duncan
,,Game Thief√¢
organization,,604905
organization,,784221
location,,ae19b5a7-4f70-4366-98ad-819e3009aeca
location,,d4947401-8ec7-48b9-a66f-45d983d59e0a
person,Country_271835,Dennis Little
,,√¢¬Ä¬útransshipment√¢
person,Marebak,Brooke Garza
vessel,,Feng
organization,,82462633
person,Country_271835,Carrie Elliott
organization,,5235138
person,Country_338923,Breanna Ward
person,Country_271835,Donna Webb
event,,summer
person,Country_271835,Tracy Smith
person,Country_729731,Kimberly Petersen
person,Country_271835,Robert Schaefer
person,Country_271835,Samuel Stokes
person,Country_271835,Timothy Hernandez
organization,,5680682
political_organization,,47234884
person,Oceanus,Marcus English
person,Country_271835,Meghan Kim
person,Country_271835,David Nunez MD
event,,30
person,Country_271835,Thomas Diaz
person,Country_271835,Hannah Taylor
person,Country_271835,Joanna Brown
organization,,307
person,Country_271835,Monique Rios
event,,years√¢¬Ä¬îthat
political_organization,,950574
,,Pacific Island States United States√¢
,,territory American Samoa
location,,62d4bdbc-8978-4cbf-b9ea-82aaa9188c91
organization,,900
company,Country_271835,Coastal Crusaders Kga Worldwide
person,Country_271835,Luis Douglas
company,Country_271835,Seashell Sanctum SRL Transport
person,Country_271835,Fernando Steele
person,Country_271835,David Tucker
company,Helvoris,Tiao piao AG Delivery
location,,e39609a3-b437-41c2-b114-e21dc69a9bb1
,,√¢¬Ä¬úeared seals√¢
person,Helvoris,Robert Mcintosh
person,Helvoris,Amber Sharp
person,Country_271835,James Anderson
organization,,497
organization,,7892
organization,,8513
organization,,1415
organization,,3433
person,Country_271835,Kara Sullivan
person,Kethanor,Teresa Gardner
person,Country_271835,Trevor Brown
person,Country_271835,Kimberly Roberts
person,Country_271835,Ricky Holland
person,Country_271835,Lydia Day
event,,√¢¬Ä¬úit
person,Country_271835,Nichole Kline
person,Country_271835,Ryan Rich
organization,,650749
person,Country_271835,Shawna Welch
person,Country_271835,Zachary Jordan
,,holes√¢
organization,,89526932
event,,√¢¬Ä¬úfirst
organization,,26978247
,,nigeria
vessel,,boat√¢¬Ä¬ôs
organization,,53792
location,,c66f5cd5-3891-43ce-a3f8-0147b3d643b1
location,,032522db-8105-4c26-8142-ae9d5806f7c5
person,Syrithania,Mrs. Melinda Richardson
person,Country_271835,Frederick Harris
organization,,30141220
organization,,90192265
person,Country_271835,Natalie Gill
location,,23f52980-e4f4-43da-ac02-9c1eef637751
organization,,245658
organization,,552027385
person,Country_271835,Brian Stevens
,,√¢¬Ä¬úconservative√¢
location,,e4e5b1ca-e210-4d3f-8cea-fa5c2309340f
location,,ce06b4c4-dd19-485d-ad52-f7cd953db1c2
location,,d2589980-b0c7-4c36-8ddf-8afe554853ea
person,Country_271835,Robin Fernandez
event,,week
person,Country_271835,Diana Kelley
person,Country_271835,Angela Wright
person,Country_271835,Miranda Small
person,Country_271835,Stacey Ortega
vessel,,FV
person,Country_980042,Gary Crawford PhD
vessel,,FV Snake
vessel,,FV Viking
vessel,,FV Thunder
,,Aquaculture√¢
person,Country_271835,Paul Parker
organization,,4877
,,√¢¬Ä¬údiscrimination√¢
person,Country_271835,Jessica Gibson
location,,da7677f8-d1f0-4e35-afe9-4240613e866b
organization,,48115
person,Mawazam,Rhonda Sullivan
person,Country_216139,Adam Gutierrez
person,Country_271835,Gregory Carter
person,Country_271835,Martin Bryant
organization,,555
organization,,903311212
organization,,683113035
,,th
person,Country_271835,Bruce Spears
,,Itaqua√É
location,,1710a32e-7a58-4d7f-9c5e-bf897b7419a3
person,Country_271835,Sherry Richmond
person,Country_271835,Daniel Shaffer
person,Country_271835,Sierra Vincent
person,Country_271835,Margaret Ward
person,Country_913963,Wendy Crane
person,Oceanus,Richard Bowers
person,Country_271835,Joshua Hammond
person,Country_230197,Samuel Cross
event,,√¢¬Ä¬úAs
organization,,47698
,,DECEUNINCK
person,Country_271835,Kristi Ryan
organization,,199
organization,,23990411
organization,,10880329
person,Oceanus,Rhonda Price
location,,45ff391d-0f6a-4ee4-abe6-8b06d07dbfd6
location,,e941d006-6590-4143-9d0d-12926b0b6f5c
person,Country_271835,Tyler Blanchard
person,Country_271835,Shawn Cook
location,,ce2247ab-4922-420f-8d42-504c4ddda305
person,Country_271835,Susan Montoya
person,Country_271835,William James
location,,e0cdfc51-7473-481d-8900-03f66d6e359e
person,Country_271835,Ricardo Gomez
organization,,75471
movement,,14 months
organization,,82408558
location,,f6cca381-c55e-44cc-b685-6c4139459b96
location,,f94bcae5-b023-48f6-a0d5-ff2f01cc00ed
event,,√¢¬Ä¬úcatch
event,,√¢¬Ä¬útotal
company,Country_675160,Manipur Market AG Consultants
,,√¢¬Ä¬úMoby-Dick√¢
location,,04eab3c4-ed99-467b-8844-b5279a6b955e
organization,,5312744
person,Country_271835,Amanda Santana
person,Country_271835,Dana Macias
person,Country_271835,Helen Chase
person,Country_271835,Candace Burnett
organization,,34153143
,,√¢¬Ä¬ùTheoretically
person,Uzilandor,Jonathan Torres
person,Country_271835,Gary Dunn
organization,,721436
person,Country_271835,Brittany Frey
person,Country_271835,Brett Williams
,,Seafreeze Ltd
organization,,36033030
person,Country_271835,Todd Lane
person,Country_271835,Alicia Lee
organization,,8112222
organization,,19471
person,Country_271835,Linda Holden
person,Country_271835,Donna Romero
person,Country_271835,Amanda Garcia
company,Oceanus,Shona Barracuda AB Worldwide
organization,,415053
,,√¢¬Ä¬úBHF√¢
person,Country_271835,Olivia Bradshaw
organization,,461541
,,√¢¬Ä¬úProPublica√¢
,,√¢¬Ä¬úyesterday√¢
event,,√¢¬Ä¬úlast week
,,√¢¬Ä¬úPortland√¢
vessel,,watercraft
person,Country_271835,Bradley Murphy
person,Country_271835,Madison Franklin
vessel,,Rapido beam
person,Country_271835,Mary Montoya
vessel,,Rapido beam trawler
movement,,ordinary
person,Country_271835,Kari Zavala
location,,91a2a8e6-f56f-4663-8be9-0bbfd5440489
location,,40cfcd88-fceb-49bd-a71a-053aacddad42
location,,cb537677-9d82-4d58-8066-899bdc51c4f1
,,4√¢¬Ä¬â√É¬ó√¢¬Ä¬â15√¢
,,√¢¬Ä¬â60
vessel,,diesel
vessel,,bottom otter trawler
organization,,2820033
organization,,1559
organization,,495035052
organization,,25
organization,,96
organization,,60910422
organization,,285351
organization,,75399
location,,da91eeb8-11f7-4634-95e7-f9413e9957aa
organization,,720
location,,fdcbe098-dbe6-4e52-8bd7-96cf3ae30101
organization,,779
organization,,2673
organization,,6185842
organization,,762165
organization,,428
organization,,4962642
,,93
person,Country_271835,Olivia Bailey
,,96
location,,ffc679cd-57ac-4846-b023-8be73ca754fa
,,Flodstr√É
organization,,700
organization,,941899076
organization,,520
organization,,85
organization,,9636
organization,,449
,,√¢¬Ä¬úcarding√¢
person,Country_271835,Tyler Flores
vessel,,Michelle
organization,,2466
political_organization,,72212757
organization,,449820
organization,,6406914
person,Country_271835,Madeline Collins
organization,,76609426
person,Country_271835,Mrs. Jessica Meyer
event,,√¢¬Ä¬úMoreover
person,Country_271835,Darren Torres
person,Country_271835,Brittany Brewer
political_organization,,8651344
person,Country_271835,Daniel Roberts
location,,85b8a8cf-7f07-4bab-8b44-1d79940aab8d
organization,,933754160
person,Country_271835,Tyler Turner
,,allAfrica
location,,933c4581-7ecc-4377-995c-7a200fee617b
,,√Ç¬£9
person,Country_462996,Melinda Bentley
organization,,41713
organization,,900338
organization,,665912557
organization,,1341798
organization,,23299
person,Country_271835,Danielle Perry
person,Country_271835,Paula King
person,Country_271835,Laurie Mclaughlin
person,Country_271835,Melinda Williams
organization,,614
organization,,802775
organization,,5688339
event,,morning√¢¬Ä¬ôs
person,Country_271835,Anna Thomas MD
person,Oceanus,Michele Black
organization,,3857345
person,Country_271835,Ms. Brittany Murray
person,Oceanus,Matthew White
,,√Ç¬£800
person,Country_699698,Tonya Key
person,Country_271835,Sara Waller
organization,,99233
person,Country_271835,Daniel Middleton
location,,813be272-d3de-43c9-90be-ab14231fcf17
event,,√¢¬Ä¬úSay
person,Country_271835,Stacey Ortiz
person,Oceanus,Scott Simpson
person,Country_271835,Loretta Harrington
organization,,203
organization,,99661834
organization,,9838
organization,,848165
organization,,612
organization,,379284134
organization,,55394387
vessel,,Boston
person,Oceanus,Matthew Pennington
vessel,,vessel√¢¬Ä¬ôs
vessel,,water√¢¬Ä¬ôs
location,,950ce1a6-a178-4e3e-9316-91ab7ca88664
person,Country_271835,Hannah Brown
person,Country_271835,Bobby Walker
political_organization,,221942
location,,0d1c7ce3-7243-47c0-9280-a3262b52dc0f
location,,634ac4e7-12af-494f-95f5-cd853363525f
organization,,945632766
vessel,,HMS Montrose
organization,,80737369
vessel,,Montrose
organization,,112156579
organization,,64338295
organization,,81
organization,,73921
company,Country_271835,Khundu Ltd. Liability Co
organization,,327277616
organization,,637608
person,Country_271835,Benjamin Barton
organization,,5337
organization,,6980
location,,f85f009e-0fa0-403a-845e-64198883bf34
location,,4562fe84-0188-47fd-8e27-67380da0079c
person,Country_271835,Stephanie Brown
organization,,33118036
organization,,88813246
organization,,5383294
organization,,9238420
political_organization,,70109
vessel,,underwater
,,water√¢
person,Country_271835,Mrs. Katrina Williams
organization,,73166320
location,,dbb07e32-a8f4-47d0-ae61-c2e9774e9284
organization,,13249468
vessel,,Aine
person,Country_271835,Anthony Gomez
person,Country_271835,Debbie Kelley
organization,,77
person,Country_271835,Eric Hanson
person,Oceanus,Joshua Haynes
organization,,682313
political_organization,,300
person,Country_271835,Krystal Foster
person,Country_271835,Roger Smith
political_organization,,37992687
,,nationalfisherman
,,intrafish
organization,,303934
,,choicesmagazine
organization,,58877070
,,usa
,,oceana
person,Country_271835,Blake Smith
organization,,42990314
organization,,1338687
organization,,507684
,,ams.usda
organization,,1765605
,,√¢¬Ä¬úinitially√¢
,,SIMPComplianceGuide
vessel,,Cutters
,,√¢¬Ä¬úpoached√¢
person,Country_271835,Stacy Castillo
organization,,34757443
person,Country_271835,Matthew Mack
person,Country_271835,David Wilson
location,,f205ff1a-8798-48b7-b535-ad87b9756220
location,,1a2ebb93-1c85-4f40-abb1-cff639788678
,,√¢¬Ä¬úAccept All√¢
,,krxd
person,Country_271835,Zachary Blackburn
vessel,,operated vehicle
person,Country_271835,James Berry
person,Country_271835,Robert Goodman
vessel,,Snow Crab
person,Country_271835,Mary Durham
person,Country_271835,Anna Kelly
person,Country_271835,Clifford Sherman
person,Country_271835,Carol Wade
organization,,1576352
political_organization,,59600
movement,,Greenwich
vessel,,HMS Medway
location,,1dfb2440-85dc-4f0c-914f-e18498e6cd1b
person,Country_271835,Makayla Anderson
location,,92a375a3-0c31-494e-9a56-eeabe3750d90
person,Country_271835,Kevin Moreno
organization,,34285153
vessel,,Talley√¢¬Ä¬ôs
person,Country_271835,Brittany Ryan
person,Islavaria,Dana Knapp
person,Country_271835,Jeanette Kim
organization,,95743666
organization,,86117
organization,,94361818
organization,,40974
company,Country_322527,Diao yu bi sai Tidal BV Export
person,Oceanus,Patricia Flores
organization,,74505
person,Country_271835,Joshua Roberts
person,Country_271835,Denise Moore
,,√¢¬Ä¬úseamount√¢
person,Country_271835,Lisa Castaneda
person,Country_271835,Christina Abbott
organization,,4657860
political_organization,,519443204
organization,,3394552
organization,,618
person,Country_256617,Brittany Kane
,,Mars√¢
location,,bd16ff21-2da0-4ad7-8aec-d04a28b61277
event,,past year√¢¬Ä¬ôs
vessel,,whales
person,Country_271835,Michelle Campbell
organization,,39995740
person,Country_271835,Lauren Garner
person,Rio Solovia,Zachary Mclean
person,Rio Solovia,Anthony Mendez
organization,,806
event,,Hubble
event,,event
,,Launch Lovers√¢
location,,cd2685a2-fce5-49ee-8ca7-b9faa081d190
,,LC
vessel,,Spaceflight
organization,,93
location,,e95a9547-3611-4e86-adbe-9aa55dbff21f
organization,,6107715
organization,,2610
vessel,,HawkEye
person,Country_271835,Jordan Mcbride
organization,,7575
location,,d5cbeea1-73ac-4d86-adeb-b609629b12bf
location,,416dab02-bf67-48af-a99b-c691339dc5e0
location,,25a765f4-b6d0-4588-9a7a-0798de847cfd
location,,0a715a76-de97-4cc3-80a3-4dcbfa740079
company,Country_271835,Madhya Pradesh Market Pic Transportation
vessel,,Manned
vessel,,Aerial
organization,,34731154
organization,,970786
person,Uzilandor,Christian Ashley
organization,,8967466
person,Orvietea,Benjamin Snyder
location,,b3de0895-285e-4ea8-99bb-ffdc763f7038
location,,a8330af0-375f-4fcb-9171-9628b26b1808
organization,,3308429
person,Country_271835,Adam Cook
person,Country_712875,Wendy Miller
vessel,,Abrams MIA2
location,,abb62f7c-234a-46d7-b3bb-8f7b4771618c
event,,Tank
person,Uzilandor,Kelly James
vessel,,MBTs
organization,,418382
organization,,16927047
organization,,6471708
organization,,520673
organization,,1252007
location,,6c348030-e9d4-4ddc-8ec8-30ac227c6a14
organization,,565431
person,Quandarix,Lisa Rocha
person,Country_996415,Danielle Sosa
person,Country_271835,James Carr
person,Country_271835,Daniel Burton
person,Country_271835,Jerry Miller
organization,,15758645
person,Country_271835,Dakota Flores
organization,,204
,,US Special Operations SOF
organization,,7490484
person,Country_271835,Kari Padilla
person,Country_198078,Angela Navarro
event,,√¢¬Ä¬úaccelerate
political_organization,,327979
political_organization,,414
political_organization,,28422
political_organization,,428949
political_organization,,838200939
,,√¢¬Ä¬úbosses√¢
person,Country_271835,Levi Jones
person,Country_271835,Adriana Rhodes
person,Uzilandor,Kevin Moore
person,Country_271835,Debra Davis
person,Country_271835,Jennifer Washington
person,Country_271835,Peter Bush
organization,,61
organization,,908
organization,,2278
organization,,3731
person,Uzilandor,Sabrina Merritt
person,Country_57382,Justin Fowler
organization,,120
organization,,2422788
,,MCDP
location,,c97073d1-61a4-4a06-a189-8b4642a699e1
political_organization,,66
location,,65872b93-db53-4445-a72e-8f84b3d7edfc
event,,today√¢¬Ä¬ôs
organization,,268393514
organization,,55242
organization,,637
person,Country_271835,Maria Horton
person,Country_271835,Maurice Figueroa
vessel,,Ships
organization,,9697
organization,,620019
organization,,45361487
organization,,408603
vessel,,Vehicle Land
person,Country_271835,Heather King
person,Country_271835,Billy Robinson
person,Country_271835,Austin Miller
organization,,369
organization,,6204
location,,96c31987-d50d-4680-9397-2a9d0e3946e1
vessel,,sailboat Freeport
location,,c0ea9f29-9987-490f-bc96-d2a5718c1636
organization,,949
vessel,,Perch
organization,,576618
political_organization,,82357
person,Country_271835,Ariel Thornton
vessel,,driftnets
organization,,500633954
organization,,62343
organization,,688224
person,Country_271835,George Vance
person,Country_271835,Jason Fleming
,,√¢¬Ä¬údimersal√¢
location,,c600d751-cc48-4e8e-800e-63ec87a4239f
person,Country_271835,Cynthia Huff
person,Country_271835,Angela Lee
location,,78ec7fd4-82e0-4725-815d-50be0ccee955
vessel,,Craft√¢¬Ä¬ìLaw
vessel,,Ocean Patrol
vessel,,ARA Bouchard
person,Puerto del Mar,Richard Douglas
person,Country_271835,Patricia Reyes
person,Country_271835,Kristin Dawson
,,√¢¬Ä¬òAwacha√¢
person,Country_271835,Brandon Hughes
,,√¢¬Ä¬úSaiko√¢
person,Country_271835,Bethany Lopez
vessel,,electric
vessel,,wheeler
organization,,570683
organization,,4532329
organization,,98631
organization,,2658
organization,,5698
organization,,3342
organization,,354
organization,,945
event,,Months
company,Country_271835,Tamil Nadu Ltd. Liability Co Express
,,√¢¬Ä¬úElqui√¢
location,,738338ba-deef-4364-bedf-707a8cbf9a55
person,Country_358951,Monica Ramirez
organization,,280094
organization,,40676
person,Country_146155,Tracie Price
company,Country_146155,David Limited Liability Company
organization,,1998
organization,,669
person,Country_271835,Elizabeth Anderson
organization,,903574229
person,Country_271835,Kenneth Cain
person,Country_271835,Carla Perkins
person,Country_271835,Lindsey Conway
organization,,95064
person,Country_271835,Ryan Perez
location,,dd3f2822-2964-4d18-92c2-7a6db4b4a9e5
organization,,6567453
organization,,47261702
organization,,730397695
organization,,4086
vessel,,Wartsila
location,,373a8a11-c7a0-4e9b-8397-9d824974259a
location,,a0ea93dc-6767-4682-b424-21b5a24ea24b
vessel,,bulker
company,Country_271835,Kariba Dam  Corporation Nautical
company,Country_271835,Benton Ltd. Liability Co
movement,,ninety
event,,90
organization,,822596165
organization,,5421
company,Country_271835,Pez Dorado BV Logistics
location,,019d89a8-36be-4402-bf3c-d13cb982cf3f
location,,6f59e8d7-8f5d-4a7d-a3a4-50ddcb7ad9ad
person,Country_271835,Traci Shields
person,Country_271835,Daniel Henderson
person,Country_271835,Joseph Smith
person,Country_271835,Dr. Gregory Rice
person,Country_271835,Breanna Welch DDS
person,Country_271835,Jared Martinez
person,Country_271835,Darin Torres
person,Country_271835,Tracy Rogers
person,Country_271835,Kevin Morris
company,Country_342065,The Salty Pearl River S.p.A. Export
location,,3051e013-9e40-44cc-98e5-740e3238daaa
organization,,9237588
location,,cdc89aad-5d8c-48bf-b155-81d2a932782b
person,Country_271835,William Murray
location,,af9758b0-e4f9-4e08-8dd9-09abc903e4b5
organization,,4183208
company,Country_271835,Punjab Market Marine sanctuary ship
person,Country_271835,Robert Edwards
organization,,322202416
location,,5025f249-0b3c-4741-a7aa-090d93395acf
organization,,969368807
organization,,80276549
organization,,89
organization,,35282
organization,,813
organization,,62
organization,,44326992
location,,1416a29d-3719-45d6-95a8-782c4e281908
event,,Hunt
location,,0efa50f3-533d-4775-94fa-54cd1c480587
location,,fd6c1e03-d6f4-421e-a493-cdc56ae000b5
organization,,869422192
organization,,542341
organization,,93252
organization,,4627
organization,,1719
person,Country_271835,Jennifer Parsons
organization,,8876768
organization,,444
person,Country_271835,Denise Vance
person,Oceanterra,Zachary Perez
person,Country_271835,Craig Santiago
organization,,6460
organization,,64778548
organization,,493641959
organization,,8980454
person,Country_271835,Jessica Costa
person,Marebak,Erica Hamilton
person,Country_144251,Sandra Martinez
person,Country_271835,Austin Welch
organization,,6659
organization,,464454263
,,Shipping Corp
organization,,534
organization,,4942
organization,,884332
organization,,982519647
organization,,1354
organization,,923825740
organization,,5865
company,Country_271835,Malawi Rift  Holdings Navigation
company,Country_271835,Baha de Coral OJSC Marine
,,Navigation Corp
,,Triton Navigation Corp
,,Pontus Navigation Corp
person,Helixia,John Jensen
person,Country_271835,Michael Frederick
organization,,401289940
organization,,54726
organization,,52193
person,Country_144251,Laura Joseph
organization,,697844686
organization,,1555
organization,,3669166
organization,,483398
location,,111274e2-c155-4640-9a8e-f506f3fbca06
political_organization,,7657424
organization,,2234557
organization,,7125
person,Oceanus,Jorge Davidson
person,Kethanor,Ruben Fowler
person,Country_271835,John Riley
political_organization,,256659459
organization,,2357762
person,Country_271835,Andrew Graves
person,Country_271835,Mathew Taylor
location,,aac2c35c-d06d-45df-a1f8-a0c4001f3897
,,√¢¬Ä¬úHSI√¢
,,√¢¬Ä¬úNYPD√¢
person,Country_271835,Daniel Obrien
person,Country_271835,Jeffrey Hall
,,√¢¬Ä¬úbe
location,,8bdf21e8-914b-4fe2-9280-0a69b9b0175d
vessel,,18 wheelers
person,Country_271835,Michael Vazquez
person,Country_167470,Sara Fleming
organization,,1625166
location,,a325b223-5017-42a8-8eb1-ed7e1a3bbd5b
political_organization,,49101570
person,Country_271835,Robert Garcia
location,,6b19fec0-f5d4-4d31-b461-fef270debb3e
person,Country_271835,Brett Lopez
organization,,42978392
location,,62d39460-2980-4835-91ea-47073f724d3b
location,,74390fc5-8dc6-4511-a0a8-bc360409b805
person,Country_271835,Heather Porter
person,Country_271835,Kevin Liu
person,Country_271835,Katrina Nguyen
location,,0fab17df-2c08-46b6-8ce9-b13b3a60ff3d
person,Country_271835,James Horton
person,Country_271835,Brian Hansen
company,Country_271835,Rajasthan GmbH & Co. KG
organization,,858
person,Oceanus,Rebecca Caldwell
person,Country_271835,Alyssa Gonzalez
person,Country_271835,Michelle Jackson
location,,27d0dfe7-186c-4016-8f47-40c71e30f48a
organization,,871
person,Country_271835,James Scott
person,Country_271835,Krista Harris
event,,√¢¬Ä¬úeverything
organization,,76030
person,Country_271835,William Gray
event,,containers
organization,,9098
person,Country_271835,Michael Reed
political_organization,,17592
location,,5d1f2e9c-f74a-41e9-974f-9b4e57edc9d7
person,Country_271835,Katherine Chavez
company,Country_323509,Nutica del Sol AG
person,Country_271835,Stephen Marks
location,,8b8c532f-0ca0-44cc-898c-1d776f2f457a
person,Country_271835,James Stewart
organization,,1968776
political_organization,,288971672
person,Country_271835,Anthony Larson
organization,,845
organization,,382825160
person,Country_271835,Laura Hughes
person,Country_271835,Amanda Dean
person,Country_12955,Debra Hall
person,Country_271835,Kelsey Tucker
political_organization,,460859346
organization,,2793
person,Country_271835,Martin Bell
person,Country_271835,Michelle Long
,,√¢¬Ä¬úlaughable√¢
organization,,8325
organization,,437212
organization,,299
person,Country_271835,Jennifer Barber
person,Country_271835,Ryan Hudson
person,Country_697428,James Calhoun
person,Country_789455,Harold Strickland
person,Country_789455,John Hall
person,Country_925382,Christine Maxwell
person,Country_789455,Ashley Lewis
person,Country_789455,Sandra Bullock
location,,82f2f404-439a-4b2e-b423-726a7f933abf
organization,,298930
person,Country_789455,Mark Garcia
location,,f59ca3ce-7fea-4a6b-893b-486565a8ab18
,,√¢¬Ä¬útoppy√¢
,,√¢¬Ä¬ústag√¢
person,Country_990614,Samuel Dunn
person,Country_271835,John Avila
organization,,2362
person,Oceanus,William Palmer
location,,7311cf88-bac1-4ac9-a0d2-c55c02497944
organization,,9979944
organization,,4396031
company,Country_271835,Simien Mountains  Company Delivery
organization,,519852438
,,√¢¬Ä¬úlegitimate√¢
person,Country_271835,William Kim
person,Country_271835,Jeffrey Strong
person,Country_271835,Susan Williams
person,Country_271835,Margaret Miller
person,Country_271835,Angela Chang
person,Country_271835,Daniel Chang
person,Country_271835,Victoria Gonzalez
person,Country_271835,Jennifer Johnson
person,Country_271835,Jeffrey Mills
person,Country_271835,Jason Brown
person,Country_271835,Jeff Sullivan
political_organization,,6828
person,Country_271835,Mr. Eric Logan
person,Country_271835,William Phillips
person,Country_271835,Heather Holmes
person,Country_271835,Elizabeth Jones
person,Country_271835,Christian Quinn
event,,√¢¬Ä¬úHis
organization,,432526990
person,Country_271835,Kathryn Gomez
person,Country_271835,Stephanie Wiley
person,Nalakond,Lisa Ward
person,Nalakond,William Fernandez
person,Country_271835,Ryan Lewis
person,Country_271835,Christina Chavez
person,Country_271835,Jessica Figueroa DDS
person,Country_271835,Rebecca Taylor
organization,,463
organization,,762
event,,√¢¬Ä¬úbelieve
person,Country_271835,Dr. Daniel Massey
event,,√¢¬Ä¬úWhat√¢¬Ä¬ôs
person,Country_271835,Brooke Hamilton
person,Country_271835,Mrs. Katherine Clark
person,Country_271835,Kathleen Benitez
,,Easterlings√¢
person,Country_271835,Seth Peters
person,Country_271835,Kevin Butler
location,,8851578d-3dd7-4430-8f73-b95305eb1f03
organization,,82379
person,Rio Isla,Daniel Pruitt
location,,bc583d11-794a-4a83-abc8-3daa208e1262
person,Country_271835,Andrew Torres
political_organization,,8634589
organization,,7260903
location,,a2ac0390-407f-4a94-bc19-6d58d36ea69a
company,Country_271835,su y CJSC Canal
location,,9b5a90cf-e801-46a8-bd50-879ab3862c67
organization,,6548672
person,Country_271835,Cheryl Conway
organization,,3896
location,,76b8e150-91b4-494d-8ef6-6af706b397eb
person,Country_271835,Lauren Smith
person,Country_271835,Darrell Lopez
person,Oceanus,James Valencia
organization,,798
location,,cc3c9a3e-9226-43e0-9c2e-2cabec77b0fc
person,Country_247330,Barry Harris
person,Country_271835,Philip Murphy
person,Country_271835,April Perry
organization,,245484
organization,,61679
organization,,1983793
location,,73db3de8-b968-40da-875c-7e57c678aa36
organization,,800578
organization,,254340176
,,Attorneys√¢
organization,,4332001
political_organization,,9345
person,Country_271835,Eric Rogers
organization,,402
person,Polarisdom,Jon White
person,Country_614826,Emily Kennedy
location,,b1a0ee2a-0e6d-48c2-b639-032e4648fa5c
person,Oceanus,Sean Wilson
person,Country_271835,Kevin Burnett
organization,,218148
person,Country_271835,Rebecca Walker
location,,decfc924-5bdc-4fba-8bbd-bb57d8d478d9
person,Polarisdom,Amanda Scott
,,22 Raptor
company,Polarisdom,Estrella del Mar Inc Merchants
person,Country_271835,Gerald Washington
person,Country_271835,Jessica Kelly
organization,,60017
person,Country_271835,Annette Barrett
event,,√¢¬Ä¬úknow
location,,0c0ae060-2543-4d7e-bed0-e7fab24ba6a5
person,Country_271835,Olivia Garner
person,Country_271835,Scott Johnson
person,Country_271835,Melissa Bates
person,Country_271835,Carlos Rose
location,,a03df7da-c2cf-476d-a6ea-95c422969df2
person,Country_271835,Amber Green
person,Country_271835,Rodney Compton
organization,,381051499
organization,,110727
company,Country_271835,su y Worldwide Shark
organization,,4205
person,Country_271835,Mary Clements
political_organization,,789040
organization,,16306
person,Country_271835,Sylvia Johnson
person,Country_271835,Charles Fitzgerald
location,,6eda4eb1-cdb8-4d61-8c72-fae33deb91a7
,,Covid
location,,5fddadd0-71e7-4bdf-a471-daddd5f376b8
location,,7ed038cd-64da-492f-a338-5c4636b91a2b
organization,,80774
location,,4b0f0611-34ce-4733-81af-391943e272c0
person,Country_271835,Seth Kelley
,,√¢¬Ä¬úFrontline√¢
political_organization,,71084
person,Country_271835,Wanda Collins
person,Country_271835,Miguel Harrison
,,√¢¬Ä¬ù√¢¬Ä¬ØThe
location,,24e1e725-9a8e-489c-bbdd-0ce140fd6e3b
person,Country_271835,Zachary Sellers
location,,357987c8-3ecb-4e38-9f10-857007f2cd3b
organization,,8350379
person,Country_940095,Keith Compton
location,,04943c53-b4ac-4048-8d86-bced4138d7c6
organization,,59022
organization,,1039
person,Country_271835,Tyler Anderson
organization,,32
political_organization,,6242224
organization,,88295922
organization,,7830
location,,e42f2b19-60d8-4df2-bb01-d2b42d134a26
person,Country_271835,Paul Johnson
location,,6d0e9c69-47a0-497e-b26e-28755c949385
organization,,54055
person,Oceanus,Brett Blair
location,,b840c9bf-2a5b-416c-91d9-1ecdd96425ab
location,,4eddaaa4-6306-467e-a7f4-27a58559e535
location,,ea6a6547-c93b-4f17-b037-200fa894289c
location,,57c81b3c-882b-4824-91a0-7114be0fa5c7
,,Survivors√¢
,,Task Force
organization,,8541598
political_organization,,828063
organization,,5362
person,Country_271835,Dr. Christina Jensen DDS
location,,d025bbec-393d-4f51-94b3-01b77280ef31
organization,,5276019
location,,5e6b70db-a04a-4440-8991-3a92b5c4ac4d
company,Country_271835,Tshikele Ltd. Liability Co
location,,df76b4cf-1019-4768-93cd-27122ef3bacc
organization,,111856
location,,88b35c10-45ae-4ded-ae4a-6cad038cfd91
organization,,553828215
organization,,663
person,Country_271835,Lindsey Barr
,,Filkins√¢
location,,90be60b1-61d8-4115-b133-e4c8e09383eb
organization,,81211950
organization,,52134252
organization,,679399
organization,,3436524
organization,,67716449
location,,e2844e89-d2d8-428d-8284-a0f2d9450a14
organization,,4406
location,,ed114149-9468-41b4-adda-343883e79e04
organization,,7682
location,,d6dbac2d-ba76-4503-be09-e0444b936bd0
organization,,43223
organization,,765078
organization,,172279392
person,Country_271835,Diane Hughes
location,,7f3d323d-54e3-49f8-9c28-7aa5cb4c7248
person,Country_271835,Jason Hughes
organization,,858773
person,Country_271835,Amanda Rogers
organization,,4852
vessel,,electric cars
event,,past years
organization,,33
location,,14f1538d-29ed-43f4-ac8f-7a6ce01b9c00
location,,2e579f6f-eca3-498d-a523-b1da1e85a5cf
location,,06c85abe-f160-4a9f-bfb2-d58099a6be80
,,Goliath√¢
person,Arreciviento,Joseph Hawkins
location,,b8649055-5b40-43e1-ba33-93182cf978d4
person,Country_945731,Linda Jones
,,est√É
,,ma√É¬±ana as√É
person,Country_271835,Caleb Webster
organization,,739622
organization,,7675191
organization,,4356
event,,weeks 55
person,Country_760479,Meghan Johnson
person,Country_753331,Cody Baird
person,Puerto del Mar,Mark Norton
person,Country_54147,Michael Johnson
organization,,233
company,Country_492608,Dutch Herring Inc Transportation
organization,,8453714
movement,,60-day
organization,,29167335
political_organization,,73
location,,b5856109-c5a0-43a6-8c70-ebfe73cc24f1
location,,092836e4-7218-4d3d-85da-9df420356be7
location,,3590dd7e-a6cd-416d-9b42-68f692ad83ee
person,Riodelsol,Luis Jones
political_organization,,17232
organization,,6070651
location,,c01c6a10-60c9-4f11-9409-aa04c3963826
political_organization,,156
location,,1eb512b7-c4ce-4b7e-9965-2236bf1afc9e
person,Oceanterra,Timothy Benjamin
political_organization,,51
person,Oceanterra,Anna Ortiz
location,,f810c631-9f7d-4219-ade0-b44c4c9abf62
person,Country_214033,William Rivera
,,Liibaan General Trading Co
person,Country_233547,Christopher Garrett
location,,206e3508-bbef-4473-906a-88e3f17c57ae
location,,db83c37f-86e4-4694-a81c-ede2a01aef71
political_organization,,626
person,Country_271835,Matthew Fletcher
person,Country_271835,Daniel Mcclain
political_organization,,962534403
person,Country_271835,Michele Taylor
person,Zambalantis,Michael Andrews
person,Country_271835,Lisa Gomez
political_organization,,431
person,Zambalantis,Brenda Andrews
location,,ee077c79-cc7b-4ac7-8c0b-d48f50538f61
person,Oceanterra,Mark Hernandez PhD
,,RPG
person,Country_271835,Sarah Garcia
person,Country_271835,Jessica James
location,,26794528-86a5-4b5e-802f-50c3f226c66b
organization,,5700
organization,,93380783
organization,,3129
person,Country_271835,Jesse Thompson
location,,1bf22b98-519c-4131-8bb4-53ecdd193100
organization,,8503254
location,,c18d0197-c30e-421f-bae3-2f8fa1e9159a
person,Country_271835,Evelyn Pacheco
person,Country_271835,Brianna Gregory
organization,,914
person,Country_271835,Brooke Collins
,,Refugee Benefits√¢
person,Country_271835,Lori Weeks
organization,,518323906
person,Country_271835,Karen Burns
person,Country_271835,Randall Newman
location,,f656719b-783e-452b-801f-f60895068b23
person,Country_271835,Scott Edwards
,,√¢¬Ä¬úPerla√¢
,,√¢¬Ä¬úEmanuel√¢¬Ä¬ù√¢¬Ä¬ìif
person,Country_271835,Gina Armstrong DDS
,,√¢¬Ä¬úRestrain√¢
person,Country_271835,Walter Graham
person,Country_907876,Ryan Jones
person,Country_271835,Gabrielle Wade
person,Country_11605,Patrick Cannon
person,Country_907876,Jeanne Mills
,,√¢¬Ä¬úExploitation√¢
person,Country_271835,Austin Simpson
person,Country_271835,Sarah Hays
person,Country_271835,Richard Fleming
person,Country_271835,Melissa Gomez
person,Country_271835,Daniel Frank
location,,5890393d-3bb2-4f08-a460-4aa025e28de0
location,,b1d6e468-f3c5-45f3-90a2-e76b2f329b2d
,,Feb
organization,,164
,,√¢¬Ä¬údirect
,,√¢¬Ä¬òdirectly√¢
event,,√¢¬Ä¬úcriminally
person,Country_271835,Terry Mcknight
person,Country_271835,David Nielsen
person,Country_271835,John Obrien
person,Country_271835,Michael Hansen
person,Country_271835,Grace Perez
person,Country_271835,Travis Rivera
person,Country_271835,Larry Morrow
person,Country_271835,Tammy Martin
organization,,773
,,wgbh
political_organization,,436460757
organization,,93865
,,brianbushard
,,siladityaray
political_organization,,82517
person,Country_271835,Robert Shaffer
person,Country_663412,Jim Sims
person,Country_663412,Laura Patterson
,,√¢¬Ä¬òPerla√¢
person,Country_271835,Gary Palmer
organization,,7674777
person,Country_271835,Jeremy Woodard
organization,,8302
organization,,45620
company,Country_663412,Jammu & Kashmir ship
political_organization,,6352
person,Country_271835,Paul Wiley
person,Country_271835,Miranda Long
person,Country_271835,Michelle Kelley
person,Country_271835,Marvin Everett
person,Country_271835,Matthew Sutton
political_organization,,912077
person,Country_271835,Brandon Thomas
,,Mexico√¢¬Ä¬ô√¢
person,Country_271835,Joseph Williams
political_organization,,176
person,Country_271835,Scott Anderson
person,Country_226679,Danielle Jensen
person,Country_271835,Brian Brown
,,√¢¬Ä¬òenticed√¢
organization,,8814
organization,,139
organization,,25851337
organization,,36506
political_organization,,150486480
organization,,90831
organization,,66820
person,Country_271835,Kristen Martin
location,,da71710a-9b0e-41d8-a9f6-a0b93f1ab772
,,√ê¬∞√ë
,,√ê≈ì√ê¬∞ √ê¬±√ê≈∏√ë¬Ü√ë
,,√ê¬£√ê¬∫√ë¬Ä√ê¬∞√ë¬ó√ê≈ì√ê≈æ
person,Country_271835,Janet Floyd
person,Country_271835,Richard Anderson
,,√¢¬Ä¬úCompromise√¢
,,√¢¬Ä¬òPartners√¢
political_organization,,413760
political_organization,,94047
organization,,49525439
person,Country_271835,Angela Hernandez
person,Country_271835,Randy Logan
person,Country_271835,Elizabeth Martin
,,√¢¬Ä¬útheoriginaldragoncove√¢
person,Country_271835,Aaron Bennett
person,Country_271835,Kathleen Rowe
person,Country_821432,Patrick Torres
person,Country_821432,Scott Jones
location,,5fd0447e-d890-4f62-a411-5fc17c47b969
person,Country_821432,Scott Villa
person,Country_271835,Connor Ray
organization,,23837996
organization,,82207154
person,Country_271835,Brandon Calderon
organization,,740111283
organization,,3657479
organization,,2810009
organization,,129461
company,Country_271835,Congo Rapids  Marine sanctuary GmbH & Co. KG Marine sanctuary
,,√¢¬Ä¬úoriginaldragoncove√¢
,,The Defendants√¢
location,,86ac9e66-f9e8-4f2b-ad17-39a52c23288c
organization,,7443
location,,5609469a-5721-4c94-92ed-ce7770055960
organization,,775841
person,Country_246944,Tiffany Stephens
person,Country_271835,Veronica Lowe
,,√¢¬Ä¬úNino√¢
organization,,803490608
location,,f4e17264-3b3c-48a6-86ba-d65622dc2f13
person,Country_271835,Brent Young
organization,,9550
person,Country_271835,Sierra Henderson
person,Country_271835,Roger Jordan
person,Country_271835,Matthew Everett
person,Country_271835,Richard Adams
person,Country_271835,Angel Burnett
person,Country_271835,Jose Smith
person,Country_271835,Emily Norton
location,,6ffd3349-37f4-48c5-bc9a-1b80e722e939
political_organization,,2745
location,,a7479eba-319a-434f-be06-3b1c0cc928ae
vessel,,trucking
location,,f383ad5f-7949-495e-8427-556b64decaca
person,Country_271835,Michelle Aguilar
company,Country_271835,Danish Lobster Limited Liability Company Brothers
person,Country_271835,John Hernandez
,,Texas√¢
,,Remarkable
organization,,46901627
organization,,46319064
,,P√É
organization,,82651
location,,2ec12718-97bf-45a6-aff5-2d1b9b11d29a
,,√¢¬Ä¬úcommission√¢
person,Country_271835,Samantha Jackson
person,Country_271835,Chelsey Woodard
person,Oceanus,Nichole West
person,Country_271835,Michael Alvarez
person,Country_271835,Brian Marsh
person,Country_746165,Timothy Hampton
organization,,5007554
organization,,72630
organization,,9411155
person,Country_271835,Richard Smith
person,Country_271835,Jennifer Rivera
organization,,2912063
person,Country_271835,Elizabeth Shah
person,Country_271835,Gregory Williams
person,Country_271835,William Daniel
person,Country_271835,Terry Conley
person,Country_271835,Jeremy Jarvis
person,Country_271835,Ashley Johnson
company,Country_271835,Greek Sea Bream and Son's
organization,,558
person,Country_271835,Shane Hahn
,,√¢¬Ä¬úundeniable√¢
event,,√¢¬Ä¬úrequested
person,Country_271835,Jeffrey Reed
organization,,55674
,,√¢¬Ä¬úinconsistencies√¢
person,Country_271835,Timothy Austin
organization,,17353795
organization,,540613204
person,Country_271835,Matthew Flores
,,√¢¬Ä¬úadjusting√¢
person,Country_271835,Tammy Garcia
person,Country_950691,Jamie Robinson
organization,,352
person,Country_271835,James Knight
organization,,662290
movement,,In month
company,Country_271835,Lachlan Enterprises Coral Reef
,,√¢¬Ä¬úDesbloqueio p√É
person,Country_271835,Brian Dennis
person,Country_271835,Frederick Kent
person,Country_271835,Candice Brown
,,√¢¬Ä¬úKiko√¢
organization,,309535101
person,Country_271835,Nicholas Nguyen
person,Country_271835,Vincent Cummings
person,Country_271835,Tiffany Leonard
,,tio MPF√¢¬Ä¬ôs Special Action Group Combat Organized Crime
organization,,51354617
organization,,109071721
organization,,869882172
political_organization,,296837
person,Country_271835,Laura Williams
person,Country_271835,Sean George
,,Exporta√É
event,,Par√É¬°√¢¬Ä¬ôs
person,Arreciviento,Douglas Gordon
person,Country_271835,James Thomas
person,Country_271835,Kristi Miller
,,√¢¬Ä¬úillegal√¢
company,Country_271835,Gambia River  GmbH & Co. KG and
organization,,400
organization,,2430986
organization,,996592
organization,,92533
company,Country_982684,Olas del Sur Inc
organization,,5508215
organization,,327572963
organization,,438
,,Hardwoods√¢
person,Country_746165,John Brown
company,Country_271835,SeaSelect Foods Corp Dry dock
person,Country_271835,Michael Flores
person,Country_746165,Thomas Ramsey
,,Merida√¢¬Ä¬ô√¢
,,merida√¢
organization,,8251198
organization,,7914
person,Country_271835,Deborah Bell
person,Country_271835,Jonathan Coleman
person,Country_271835,Luis Rogers
,,√¢¬Ä¬úBandera√¢
,,√¢¬Ä¬úPadre
organization,,8269
person,Arreciviento,Vanessa Chandler
organization,,64545
organization,,151159036
organization,,3383
,,Menards√¢
person,Country_271835,Jason Garcia
person,Country_670336,Melissa Gonzalez
company,Country_246944,Pregolya Delivery Cruise ship
,,√Ç¬£103
,,√Ç¬£10
location,,f64e747e-13de-4628-b939-92a8ff4eb03f
person,Country_271835,Rachel Arnold
,,√¢¬Ä¬útiger√¢
person,Country_271835,Sharon Williams
person,Country_271835,Donald Thomas
person,Country_271835,Rebecca Anderson
organization,,3328058
person,Country_244549,Julie Callahan
person,Country_271835,Nathan Murray
person,Country_271835,Thomas Johnson
organization,,176729
organization,,958644
person,Country_271835,Jonathan Moody
person,Puerto del Mar,Kaitlyn Walsh
person,Country_271835,Alison Nash
person,Country_271835,Miranda Smith
,,√¢¬Ä¬úmining√¢
person,Country_271835,Jennifer Wilson MD
organization,,6338
location,,0d6a2f35-fccd-4cbf-865e-3ed08abb6a95
location,,c40a73e5-c1dd-4b85-ac1c-2e6a51546aa7
organization,,3641
organization,,200
person,Country_271835,Nicholas Torres
organization,,75360
location,,7a58f899-3e43-4b94-a64b-d5ab31a6055b
political_organization,,76104890
location,,68ac10aa-80a3-4b3c-99e5-f5708715ab2c
person,Country_271835,Christopher Benitez
event,,√¢¬Ä¬òThis
event,,√¢¬Ä¬òSo
,,Pit√¢
person,Country_271835,John Martin
person,Country_470077,Christopher Fields
person,Country_271835,David Romero
location,,a691bc0a-cfdc-4b2a-a38e-efcd2799ecd1
organization,,28138
,,√¢¬Ä¬úsnitch
organization,,3868221
organization,,79521144
person,Country_271835,Eugene Martin
person,Country_271835,Emma Jones
,,√¢¬Ä¬úbroker√¢
person,Country_271835,Cassandra Stanley
organization,,198
organization,,9768
person,Country_271835,Tyler Jones
vessel,,motor
organization,,11353
organization,,353257
organization,,31368
person,Country_271835,Colton Olson
person,Country_271835,Tamara Tyler
person,Country_271835,Henry Lambert
person,Country_271835,Elizabeth Armstrong
person,Country_271835,Melissa Brock
organization,,51470600
organization,,719
company,Country_271835,Sudd Swamp  Wave AS Freight 
organization,,74026296
political_organization,,374585759
organization,,59662085
political_organization,,7423
organization,,68273
organization,,649
person,Country_271835,Donna Green
person,Country_271835,Dean Reyes
organization,,96049794
vessel,,truck
location,,d6d0741c-39d9-4b94-8b39-b5d2ad1669b9
political_organization,,291669
person,Country_271835,Thomas Watkins
company,Country_271835,Ancla del Mar Kga
person,Country_271835,Joshua Park
person,Country_271835,Sergio Ross
,,Platts√¢
person,Country_271835,Patricia Hunter
vessel,,Deepwater Horizon
organization,,455617
person,Country_271835,Dale Chandler
person,Country_271835,Marvin Evans
person,Country_271835,Jack Bell
organization,,83241316
organization,,940161722
organization,,148766
organization,,567857349
political_organization,,836
organization,,507470
organization,,98
political_organization,,12358151
organization,,8127
organization,,18668050
organization,,39033859
organization,,62532
organization,,649009867
organization,,43454
person,Country_19028,Carmen Mendez
location,,a51f21a5-b410-4000-ada4-086bd2e65cb6
organization,,359755772
political_organization,,7577
location,,dffd75ca-7510-403d-a6a0-f904b0c7b41d
location,,61208e37-a326-4cf5-a571-f8bdd6f2dbf7
movement,,30 days
location,,9ce492a2-de6e-4231-a018-318fc929908b
location,,ffb63251-ebdc-4346-b3a4-ef1515310806
location,,675d95eb-69b7-4f8a-bd4e-af2cf4def162
political_organization,,54056
,,√¢¬Ä¬úDuare Ration√¢
person,Country_271835,Robert Rodriguez
person,Country_271835,Leslie Williams
location,,da243ebe-ea98-4510-a6a8-add6679f9d1a
vessel,,Bulk Carrier
location,,b400d237-4d56-4de8-917a-8e7654ccf315
organization,,18404231
location,,2eeca6e0-f5a7-4b9d-8b3e-ada56d140e36
person,Country_271835,Jose Parker
organization,,4711730
location,,cd7cb49f-0021-4fe9-a3a9-cc8b3fce0c57
organization,,959344
company,Country_271835,James Limited Liability Company Logistics
organization,,951187691
person,Country_271835,Andrew Harrison
organization,,18403617
organization,,365
organization,,404
location,,569767ed-015f-4cb9-a316-2db45fbf6cf3
location,,9a3fecdc-0696-4b53-979c-8ac021f24910
location,,899ccad6-2380-4e2c-aa57-d7f487964993
person,Country_271835,Eddie Alexander
person,Country_271835,David Schwartz
organization,,33560
person,Country_271835,David Santiago
event,,Friday√¢¬Ä¬ôs
person,Country_271835,Hannah Little
political_organization,,92616021
person,Country_271835,Scott Dougherty
person,Country_271835,Juan Mckinney
location,,0223707c-6754-4419-acb2-510377eadd60
location,,d37a5a00-fca1-4753-890c-6975c311dc3f
person,Country_271835,Michelle Herring
location,,011ad1ae-ae1b-4c74-9f58-c020e6a3e836
person,Country_271835,Bryan King
location,,6083f325-5f17-4d41-9c22-f188f55ea9f3
location,,c2478e4c-2a8c-4d34-a5d5-fd46c66b5e67
person,Country_271835,Daniel Vasquez
person,Country_271835,Kevin Daniel
person,Country_271835,Lucas Williamson
person,Country_271835,Daniel Butler
political_organization,,2330
organization,,386
location,,d09a6a69-eed5-4057-9f96-dcf4c9cf4d88
person,Ivarisia,Lisa Lewis
location,,3882e922-25e9-446d-8e04-97e8875fceb2
location,,ba790a77-b0f3-4c1f-8d42-3d2bddbc1893
political_organization,,878521
person,Country_271835,Robert Chang
person,Country_271835,Manuel Hess
person,Country_271835,Brandon Stone
person,Country_271835,Seth Benjamin
person,Rio Isla,Tom Bauer
person,Country_271835,Leslie Wood
person,Country_271835,Donna Davis
organization,,7810241
organization,,34487
organization,,83951569
organization,,4524860
movement,,three-hour
political_organization,,59409
person,Country_271835,Amanda Jenkins
vessel,,23
vessel,,Motor Vessel
organization,,24996
organization,,90411963
location,,114d2882-b620-4098-bb56-d865bbb85339
person,Country_271835,Christopher Moore
person,Country_271835,Sarah Williams
vessel,,Kenworth 18-wheeler
,,√¢¬Ä¬úsatisfactory√¢
organization,,25777
organization,,825
organization,,63548588
organization,,69007292
company,Country_271835,David Seabed Inc Consulting
organization,,28890617
organization,,492220197
location,,662bfccd-798d-4e60-b308-2cb2918e3dd2
organization,,14636
person,Marebak,Maria Jackson
person,Country_271835,Deborah Carson
location,,d0842009-cbf1-4df2-adfa-121a82160a05
political_organization,,3105981
location,,449856a6-3b60-46ca-b825-f9499558fa3a
location,,16778128-07fa-46dd-b229-b0c2e2233602
person,Country_271835,Elizabeth Mccarty
person,Country_271835,Gregory Bowers
person,Country_271835,Nicole Marshall
organization,,207618139
person,Country_271835,Gina Knox
organization,,3874
person,Country_271835,Tonya Frazier
political_organization,,80
person,Country_271835,Charles Duke
person,Country_271835,Dennis Payne
person,Country_271835,Ashley Boyer
person,Country_271835,Darin Taylor
person,Country_271835,Larry Cisneros
person,Country_271835,Teresa Hansen
person,Country_271835,Ethan Walsh
person,Country_271835,Michael Evans
person,Country_271835,Alexandra Jackson
person,Country_271835,Lauren Sanchez
person,Country_271835,Crystal Hunter
person,Country_271835,Christopher Berry
person,Country_271835,James Patterson
person,Country_271835,Jon Johnson
person,Country_271835,Andrea White
person,Country_271835,Emily Smith
person,Country_271835,Megan Gonzales
person,Country_271835,Kenneth Warren
person,Country_271835,Edward Winters
person,Country_271835,Emily Stevens
person,Country_271835,Gabrielle Wright
person,Country_271835,Erika Carter
person,Country_271835,James Johnson
person,Country_271835,Brandi Johnson
event,,Storm
organization,,91810266
vessel,,HMS
person,Country_271835,John Campbell
person,Country_271835,Diane Forbes
person,Country_271835,Dawn Robinson
organization,,19285
person,Country_271835,Kimberly Williams
person,Country_271835,John Murray
person,Country_271835,Nathaniel Shah
person,Country_271835,Stephen Peterson
person,Country_271835,Eric Roman
company,Country_271835,Playa del Cielo  Marine
organization,,99
location,,1f8c20da-5f20-4116-907a-a653089bb8a0
organization,,8832615
organization,,5199
,,√¢¬Ä¬úoverwhelmed√¢
location,,14525ad3-213a-406d-8e3e-64213f0be171
person,Country_271835,Rachel Campbell
person,Country_271835,Gregory Marsh
person,Country_271835,Sarah Allen
person,Country_271835,Brittney Rice
person,Country_271835,Ashley Long
person,Country_271835,Jessica Hernandez
organization,,419
location,,577a9358-a718-4d90-a90e-88f88c58160d
location,,17de5508-cf65-4e04-9bdd-acba951afe7a
location,,ca87f68d-1df8-4746-a8af-8d810f49e783
organization,,33210
location,,88d63621-4f58-4c7e-a02d-589cefb3a6be
person,Country_271835,Diane Young
person,Country_271835,Traci Elliott
company,Oceanus,hi xng BV Carriers
person,Country_271835,Lucas Adams
person,Country_271835,Rebecca Jordan
person,Oceanus,Scott Day
person,Country_271835,Colin Hunter
location,,b9faf7c4-f237-4112-91bd-71fa0cf8571a
organization,,135338
event,,√¢¬Ä¬úStuff
person,Country_271835,William Lopez
person,Country_271835,Warren Schwartz
organization,,72092
location,,b605391a-2c84-4d59-98f0-d12fd185ec64
person,Country_271835,Amy Mcclure
person,Country_271835,Jessica Mullins
person,Country_271835,Randall Martinez
vessel,,Vessels
organization,,511915273
organization,,435
location,,b03a6fc7-507a-4328-9814-57561acb4fc6
organization,,71608
person,Country_271835,Martin Jones
location,,d4b66d04-ad3c-425a-a123-00e589b86a52
organization,,95850
person,Country_532332,Danny Walker
person,Country_532332,Paul Hoover
political_organization,,45310570
person,Country_271835,Aaron Cruz
political_organization,,598
location,,928896ee-0c39-4b2c-aee6-910dc225513e
organization,,442
location,,18139144-efbe-4540-8e65-fde29def1993
organization,,826749274
person,Country_271835,Michael Wright
organization,,753
person,Country_271835,Chad Ruiz
organization,,687878
organization,,368951
location,,c0ce6d15-622b-42a3-b892-f5efe5b4d00c
location,,a086a63d-19c7-4241-845a-f82c628d09a2
person,Country_271835,Brett Lee
person,Country_271835,Noah Mitchell
location,,037acfda-0d33-4ce8-8907-fe7da3e27dff
person,Country_271835,Ronnie Gates
,,√¢¬Ä¬òexemplary√¢
location,,b120bc86-764c-4e2b-9f36-1587f91a20e3
location,,4843b052-8f18-4298-9464-d780feb5ddad
vessel,,scooter
location,,7cc6a1fe-59b5-491c-8985-bf6d77836092
political_organization,,8084530
location,,ce8495cf-fe04-40b3-aaa2-d0bc29131f92
organization,,6071877
location,,93ac5fec-5f52-4431-a3ff-91430a8062f6
organization,,422
organization,,753589537
company,Country_984172,Spanish Co & Son's
person,Country_271835,Matthew Anderson
location,,332bb88e-0a63-41e3-8a27-87795fd552e9
event,,course years
location,,2ade0908-d1c9-45de-9dbb-3dfec75d9317
company,Country_271835,Portuguese Sardines GmbH & Co. KG Line
company,Country_271835,Lake Nyasa Ltd. Corporation
person,Country_271835,Joshua Huang
organization,,3740
organization,,440
organization,,601882545
organization,,88651
person,Country_271835,William Taylor
location,,4294544a-9643-4cfd-97a0-ac656cb17e60
person,Country_271835,Hannah Ray
location,,c495290e-2de7-487d-a139-f273c4974539
organization,,353361057
,,Amstel Inc
,,√¢¬Ä¬úHelp√¢
organization,,35829746
person,Country_271835,Charlotte Lopez
person,Country_271835,Mark Scott
organization,,86034444
person,Country_271835,Nicholas King
person,Country_271835,James Andrews
person,Country_271835,Joshua Wright
person,Country_271835,Mary Harrington
,,√¢¬Ä¬úsleepy
political_organization,,67745773
organization,,214883455
person,Country_271835,Brett Moss
location,,e69d4cb2-8bec-4496-8518-7426c6b9da65
company,Country_271835,Kagera River  GmbH & Co. KG Delivery
,,16
person,Country_271835,Holly Donaldson
location,,c8026923-944a-4155-b2ec-e160135e0c47
location,,58cf758d-a6f2-48ba-ac0c-89581ae6b4a5
organization,,313441257
organization,,222079892
organization,,2919
person,Country_271835,Dana Montes
organization,,1518
organization,,9820523
person,Country_271835,Bryce Chavez
location,,90c3cb48-8060-4a55-804c-710044d19487
person,Country_271835,Brittany Rivers
location,,2ed68d75-994e-43dd-b326-a2adfa540562
person,Country_271835,Michelle Evans
location,,05d471b4-0e8c-4879-80b2-ef600220e09d
person,Country_271835,James Garcia
person,Country_271835,Kendra Owens
organization,,15
organization,,805275
location,,fcef975b-e382-4c81-8160-41bf9e5bf937
,,√¢¬Ä¬úPublic Loaders
organization,,715490
organization,,14952
,,√¢¬Ä¬úEQUIPMENT√¢
organization,,353642
person,Country_193919,Ronald Gray
person,Country_928409,Debbie Ayala
person,Country_271835,Terri Rodriguez
organization,,6457
organization,,6513816
organization,,43797101
organization,,535955126
organization,,8211361
company,Country_271835,Scania Seafaring SRL Express
company,Country_271835,Estrella del Sol LLC
political_organization,,73470062
person,Country_271835,Kenneth Fox
organization,,777
,,√¢¬Ä¬úshabu√¢
person,Country_271835,Rebecca Coleman
organization,,868626239
organization,,573756802
person,Country_271835,Margaret Hodges
organization,,7680453
location,,64c45541-e00b-423c-bc7d-238aa3a4d3ad
movement,,thirty days
location,,c2d2e029-6f38-4148-9079-15615103cea6
organization,,186
person,Country_271835,Kristin Johnston
,,√¢¬Ä¬úcrisis√¢
organization,,812137
location,,961bafd7-8d2b-405a-9c79-0f5345498cab
organization,,5334
political_organization,,35679
person,Country_271835,Jason Neal
person,Country_271835,Diana Dawson
person,Marebak,Courtney Johnson
organization,,613556
organization,,353
,,Aicrowe Biotech Co
location,,0f952ad7-6ecb-472e-8a30-895501a0e8c8
organization,,9507963
organization,,979294
organization,,25222883
,,Gaosheng Biotechnology Co
location,,d2948905-9121-400b-905f-e449bf8ca35e
vessel,,AirPods
organization,,5246016
organization,,64863263
company,Country_271835,Danish Lobster Ltd. Liability Co
,,076
,,vans√¢
organization,,36868
organization,,3127062
organization,,3369
organization,,30880
,,√¢¬Ä¬òDisastrous√¢
company,Country_271835,Lake Manyara  SRL Brothers
location,,8ce9074f-2904-41ea-896a-5d932e06f54c
location,,3d009ee1-0d95-4516-802f-8a5110bde01e
organization,,64667049
organization,,1303
location,,dbeb3e02-dc0c-4455-a16b-2d0b9cb2c65a
location,,601e76fd-8517-4269-b976-2743987a49f3
organization,,67261634
organization,,344
location,,ba0514a3-9c57-4b04-a7c5-89fc0463fdda
organization,,60197861
organization,,8978
person,Country_271835,Sharon Townsend
person,Country_271835,Travis Sparks
person,Country_271835,Deborah Porter DDS
location,,d4291c4b-873e-4830-b44a-85227fde3ee2
person,Country_271835,Amanda Clayton
,,√¢¬Ä¬úshark fin√¢
organization,,70720996
organization,,95291001
organization,,42627990
company,Country_271835,Mar de Estrellas Oyj Carriers
location,,6d345854-f864-4194-85d2-047e66332dca
person,Oceanus,Christopher Cunningham
person,Country_271835,Erica Parks
location,,df26d11f-ed87-4a19-b9e8-18e9783c00f5
movement,,2028
location,,bc507d7c-29c9-4b0d-909e-52dd450a25d3
event,,entire 2036
person,Country_271835,Brenda Cox
person,Country_271835,Suzanne Reed
person,Country_271835,Cody Lewis
organization,,1263250
person,Country_271835,Chris Booth
movement,,July 2036
person,Country_271835,Lisa Henderson
person,Country_271835,Karen Delgado
,,13d79d632036
,,2037/09
person,Country_615819,Melissa Norman
person,Country_271835,Jennifer Andrade
person,Country_271835,Lori Cummings
event,,2032s
person,Country_271835,Damon Nelson
person,Country_271835,Laura Jimenez
political_organization,,687028
person,Country_271835,Susan Mendoza
person,Country_271835,Alexis Smith
person,Country_271835,Laura Smith
person,Country_271835,Samantha Manning
location,,6ed1a821-e669-41f4-8a02-df4c818ff22e
,,2038650116
location,,f1e84016-0f09-4907-a777-a6bb02b5f419
location,,e916e286-85e5-4a43-b2ef-89ad5260ebdc
,,sectors sectors 2033
,,yearbook2034
,,20370602035941
,,yearbook2036
location,,b8567859-bf54-49fd-8332-5775e19c65af
,,2036-06
person,Country_271835,Hannah Walter
,,2035/03
location,,b8f8208c-0388-484e-a700-b4c265170827
location,,1aa47ffc-05a8-4edd-a8e0-94c10b650bd8
person,Country_271835,Kelly Mccarthy
person,Country_271835,Frederick Taylor
location,,ec4af8c8-1ff1-4aaa-9431-7697d930b3f4
person,Country_271835,Ray Howard
event,,2036√¢¬Ä¬ôs
,,faf.20363
person,Country_271835,Joshua Landry
person,Country_271835,Joy Anderson
location,,3eed159b-e98e-4f8a-98c2-c34341435411
political_organization,,3190258
person,Country_271835,David Frederick
person,Country_271835,Curtis Grant
location,,4f533d76-17d7-4b95-86b5-106503c99b0c
,,2030√¢
person,Country_271835,Lindsay Bennett
location,,e631b105-4953-43e1-8d37-a3ab5dd3d860
location,,f514483d-fb5f-4cb2-bb8d-b616b10336d8
person,Country_271835,Laura Ballard
location,,165e0fe7-6725-4f4c-abc1-3ef485a939b0
location,,e3431d4d-79df-4da9-b8cb-a4d05a8aa474
location,,39c767d3-a9b4-41f4-8a5d-e14b6c20a2d2
person,Country_271835,Sarah Sandoval
person,Country_271835,Raymond Howell
person,Country_271835,Jason Huff
organization,,FishEye International
company,Country_286580,AquaFresh Foods CJSC -
,,Ancla Azul Company Solutions
,,√¢¬Ä¬úpair
,,Guessl
,,Federated
,,FinestSea Ltd. Corporation Enterprises
,,Icelandic Shrimp Corporation Transport
,,Lake Mweru A/S Carriers
,,Playa de la Felicidad Oyj Cargo
,,l y S.A. de C.V. International
,,SeaSpray Wave SRL Solutions
,,Ocean Fisheries Llc
,,Ancla del Mar Ltd. Corporation
,,Tamil Nadu S.p.A.
,,Fisherman'sFriend Charter Boat S.A. de C.V. Freight 
,,FiTI
,,Victoria
,,Master
,,Faurtil F√É¬°brica Urnas Tiet√É¬™
,,Turkish Mussels Ltd. Liability Co Marine biology
,,Mar del Paraso SRL Shipping
,,New Bedford Light
,,Sonia Fisheries Pvt
,,Pesquera
,,DOF√¢¬Ä¬ôs
,,Irish Sea Seaside GmbH & Co. KG Distribution
,,Uttar Pradesh Sp
,,Estrella de Coral Ltd. Corporation Logistics
,,Gulf of Guinea  Corporation
,,Seabreeze Foods Corporation Logistics
,,√¢¬Ä¬òDo
,,Dry Creek S.p.A. Overseas
,,Meere Delpeuch
,,Kerala Market Limited Liability Company
,,Pasture Petfoods New Zealand Ltd
,,Tanzania
,,Reunion
,,Ht Shipping
,,Selena Building
,,Playa de la Felicidad NV
,,√¢¬Ä¬úIllegal
,,IMPORT
,,Fishing International
,,√¢¬Ä¬úVirginia
,,Electronic
,,Fish Sea
,,Sea Products
,,W Appliance
,,McLean√¢¬Ä¬ôs
,,American
,,Finest Ltd. Liability Co United
,,Ex-Lax
,,Fishisland
,,Jammu & Kashmir Limited Liability Company Delivery
,,he√¢¬Ä¬ôs
,,√¢¬Ä¬únoncitizen
,,√¢¬Ä¬úGenev
,,Oceanfront Oasis Inc Carriers
,,Qingdao Kaiyuan Seafoods
,,West Bengal SRL Marine conservation
,,Platts Oilgram
,,Kerala Market Corp Consulting
,,Mar de la Vida OJSC
,,America
,,Portuguese Octopus S.p.A. Cargo
,,Surf and Sand Ltd. Liability Co
,,West Bengal S.A. de C.V.
,,Partnership satellite
,,Seafood
,,Caribbean
,,XUAR
,,Fisheries Inc
,,Getis-Ord
,,World Church Power God
,,Rama Overseas
,,Estrella de Mar Limited Liability Company Delivery
,,Bergman√¢¬Ä¬ôs
,,Conduct Joint
,,Seabreeze Foods Ltd. Corporation United
,,Kilimanjaro fishery Ltd. Liability Co Transport
,,Isa
,,Barco de Plata Ltd Logistics
,,Lake Malawi LC Forwading
,,Water World LLC Express
,,√¢¬Ä¬úTrials
,,BP√¢¬Ä¬ôs
,,FLIP MCGYVER Tradema
,,Shellfish Chile SA
,,IPOS0000DOP
,,Temu√¢¬Ä¬ôs
,,Firearms Explosives
,,IAVMs
,,Cartel Emergent Weaponry Use
,,Ejintex International
,,Asia Seafood
,,Andhra Pradesh  S.A. de C.V.
,,Atlanto√¢¬Ä¬ìScandian
,,Trammell√¢¬Ä¬ôs
,,Moo
,,Eva
,,Salles Operation Handroanthus
,,Blue Water Ventures Ltd. Liability Co
,,Mar de Cristalino Co
,,SaltwaterSavor Shipyard LC Merchants
,,OceanKings Sailor Corp Logistics
,,Debit Cards Autopay
,,Mar de la Costa Ges.m.b.H.
,,√¢¬Ä¬úsuffered
,,Orient
,,OceanicHarvest Dry dock N.V. Delivery
,,it√¢¬Ä¬ôs
,,Rafael√¢¬Ä¬ôs
,,Madhya Pradesh Market BV
,,√¢¬Ä¬úCompliance
,,Blue Bay
,,Innovative
,,Lake Malawi SE Freight 
,,Caspian Sea  Sea Corporation Freight 
,,Yu gan BV Investment
,,Thai Union Seafood
,,Okavango Delta Seaside Limited Liability Company Logistics
,,sh rn y Corporation
,,Ocean Trawlers
,,Belgian Scallop Limited Liability Company Krill
,,Sea Harvest
,,SMILE
,,Haryana s Co Transit
,,√¢¬Ä¬¢
,,DOF√¢¬Ä¬ôs Long Xing
,,Insung
,,Chuan gou Company Overseas
,,Petroleum Vapor Intrusion
,,Energotrade Plus
,,Intrepid Navigators
,,Blue Venturew
,,The Salty Dog Tidepool Kga Transport
,,Madhya Pradesh Market Ltd Solutions
,,Scottish Trout Limited Liability Company Transit
,,Gen International
,,MeWe Vimeo
,,Four
,,II
,,Bloomberg
,,Ntaco
,,SVB√¢¬Ä¬ôs
,,United Bankx
,,Golden Titana
,,Sea Breezes GmbH & Co. KG Lighthouse
,,Mar de Plata Corp and Son's
,,Rs
,,Irish Sea SRL Brothers
,,Barco de Plata Plc
,,Thomas Corp Cargo ship
,,Blue Lagoon Sailor Limited Liability Company Worldwide
,,Amorim Flooring
,,Edward Ferry SE Transportation
,,√Ç¬£1
,,Stock SA
,,Forwading S.A. de C.V.
,,OceanicOrigin Foods River AG Marine ecology
,,Ware
,,Arctic
,,Niger River Delta Ges.m.b.H. Services
,,ROBYN BECK
,,Bay of Bengal's Incorporated
,,Aqua Ambassadors Limited Liability Company
,,Sea Luxe Oceanography Kga Transportation
,,Mongabay√¢¬Ä¬ôs
,,Fresh Atlantic
,,Sun√¢¬Ä¬ôs
,,Costa del Mar S.p.A.
,,OJSC Ltd. Liability Co
,,Mount Kenya Estuary Sp Holdings
,,√¢¬Ä¬úPok√É¬©mon
,,Ryabikova
,,√¢¬Ä¬úbracatinga
,,I6aE01vDFm
,,Puerta
,,Next Day
,,Seaside Sojourns A/S Shipping
,,Food
,,Guaranteed Income Program New Parents 2035
,,Image ArtTower
,,Nile Crocodile Deep-sea Oyj Brothers
,,VyoummBnVY
,,Blue Water Ventures Kga
,,Bloomberg Law
,,√¢¬Ä¬úCinder
,,Kariba Dam  N.V. Brothers
,,Mitsubishi
,,Tuna Vietnam
,,Estrella del Mar Plc
,,Marine Foods
,,Agua Transici√É¬≥n Ecol√É¬≥gica
,,Arunachal Pradesh Sp Marine mist
,,Chuan gou Corporation Transportation
,,Nautical Navigators Kga United
,,3 Ltd. Liability Co
,,Lf Beauty
,,Playa de Coral Oyj International
,,Metro Marinen
,,Surf and Sea International Tidepool
,,The Salty Dog CJSC
,,Paul S.A. de C.V.
,,Comei&Co
,,Rickard shrimp
,,Hudsons Bay
,,Group Co Marine life
,,STL
,,Odisha Sea Dry dock LLC Consultants
,,USINC
,,The Ashey
,,Green
,,Dark Web Vendor Illegal Narcotics
,,Heroin Cocaine Exchange Bitcoin
,,Farmers
,,FiTI√¢¬Ä¬ôs
,,Jharkhand s GmbH & Co. KG
,,Phillips
,,6 Ray LLC Enterprises
,,Prod
,,Pinduoduo√¢¬Ä¬ôs
,,Aura√¢¬Ä¬ôs
,,McGovern BBB
,,Rose
,,drayage companies
,,Savaneta Corporation Marine life
,,Michael Limited Liability Company
,,Irtysh - Inc Distribution
,,East
,,Fresh On Time Seafood
,,MAT
,,Faroe Islands Halibut A/S
,,Teion Internationala
,,Single Seafood
,,√¢¬Ä¬úUS
,,Welding
,,Basketball
,,Ocean Packers
,,Improvised Anti
,,Orange River  AS Logistics
,,Ste
,,French Ltd. Corporation Surfboard
,,Andhra Pradesh  Investment Dry dock
,,Uber Connect
,,Pb Brasil Industries
,,Deep Sea Atlantic NV
,,Supreme GmbH & Co. KG Consulting
,,gu y LC Shipping
,,Ningbo China Base Landhau Foreign
,,Estrella del Mar Pic
,,Artemov√¢¬Ä¬ôs Ava Petroleum
,,Spanish Red Snapper GmbH Shipping
,,Officer Pleads Guilty
,,Bribes Exchange Smuggling Contraband
,,Sp
,,Memphis Women
,,One Hongn
,,Evergreen
,,Himachal Pradesh Aquatic Plc Brothers
,,Lake Tanganyika Sea AS Shipping
,,Nagaland Sea Ltd. Liability Co &
,,Estrella de la Costa  Consultants
,,Kores De Venezuela C A
,,CP World
,,Tombow
,,Gelita Gelatine
,,Yale
,,Faroe Islands Plc Investment
,,East Ltd. Corporation Investment
,,Logistics
,,Dispenseroo
,,80 Percent Arms
,,CM Nationali
,,Anthony Sailboat Co Shipping
,,MV
,,Costa de Coral Charter Boat Oyj Overseas
,,Warner
,,Alpha Brokersa
,,Viktor√¢¬Ä¬ôs
,,Sea Seekers Merchants Cruise ship
,,NFTs
,,Cargo Systemsi
,,Ocano del Este Corp Freight 
,,Ronald
,,C Express
,,Znamensk Eel LLC United
,,Sisdof/Sinaflor
,,Spanish Shrimp Sp Brothers
,,Tajima Industrues Ltd
,,Zerza√¢¬Ä¬ôs
,,Ind√É¬∫stria Madeireira Uliana
,,Sms
,,Semas 260 Rural
,,Dolphin Dreams S.A. de C.V. Seafood
,,All
,,Cab Incorportated
,,Sikkim S.A. de C.V.
,,Yeezy
,,Kagera River  Company Solutions
,,Marmooska Shipyard Sagl United
,,Leo
,,W&O Supply
,,Greek Sea Bream Limited Liability Company Transit
,,David S.A. de C.V. Brothers
,,Haryana s Ltd. Corporation Carriers
,,Coral Reef Sagl Transport
,,Felbab-Brown
,,OzonAction√¢¬Ä¬ôs
,,√¢¬Ä¬úEntirely
,,Ocano del Este SE
,,Norwegian Shrimp N.V. -
,,Malabar Sea Catch Sp
